Order Number,Customer Number,Region,Item Number,Item Description LOOKUP,Backlog Quantity,Backlog USD,Order Date,Salesperson Code,Intercompany
O15767,C08868,EMEA,I350330,Oven #2,1,$933.60,7/26/2023,S31,Intercompany
O15767,C08868,EMEA,I350002,Masonry oven #1,1,$245.12,7/26/2023,S31,Intercompany
O15767,C08868,EMEA,I350340,Panini sandwich grill #1,4,$137.88,7/26/2023,S31,Intercompany
O15767,C08868,EMEA,I350330,Oven #2,1,$110.63,7/26/2023,S31,Intercompany
O15795,C06961,LATAM,I240610,Roasting jack #3,10,$112.08,9/16/2023,S50,Not IC
O15795,C06961,LATAM,I260258,Sous-vide cooker #1,2,$76.64,9/16/2023,S50,Not IC
O15803,C05902,LATAM,I950617,Hot plate #3,3,$476.01,4/16/2023,S50,Not IC
O15803,C05902,LATAM,I950617,Hot plate #3,2,$324.63,4/16/2023,S50,Not IC
O15803,C05902,LATAM,I920160,Convection microwave #3,3,$120.31,4/16/2023,S50,Not IC
O15829,C04769,APAC,I960000,Instant Pot #1,1,$163.68,8/8/2022,S60,Not IC
O15843,C08895,EMEA,I246000,Russian oven #1,1,$352.82,2/26/2021,S77,Intercompany
O15915,C07030,EMEA,I246000,Russian oven #1,1,$352.82,12/29/2022,S27,Intercompany
O15963,C08894,EMEA,I246000,Russian oven #1,2,$906.50,8/24/2022,S77,Intercompany
O15963,C08894,EMEA,I246000,Russian oven #1,2,$260.22,8/24/2022,S77,Intercompany
O16179,C08785,N. America,I539617,Vacuum fryer #2,1,$172.84,12/1/2022,S10,Not IC
O16179,C08785,N. America,I539617,Vacuum fryer #2,1,$156.60,12/1/2022,S10,Not IC
O16179,C08785,N. America,I539617,Vacuum fryer #2,1,$154.58,12/1/2022,S10,Not IC
O16179,C08785,N. America,I539617,Vacuum fryer #2,1,$141.54,12/1/2022,S10,Not IC
O16867,C04811,N. America,I539617,Vacuum fryer #2,1,$118.93,4/13/2022,S05,Not IC
O17139,C07337,N. America,IDENSIT,Panini sandwich grill #3,3,$135.93,11/24/2022,S05,Not IC
O17595,C04758,LATAM,I302336,Flattop grill #1,1,$451.42,7/7/2023,S08,Not IC
O17595,C04758,LATAM,I302336,Flattop grill #1,1,$284.89,7/7/2023,S08,Not IC
O17595,C04758,LATAM,I302336,Flattop grill #1,1,$284.89,7/7/2023,S08,Not IC
O17595,C04758,LATAM,I302336,Flattop grill #1,1,$277.81,7/7/2023,S08,Not IC
O17595,C04758,LATAM,I302336,Flattop grill #1,1,$240.25,7/7/2023,S08,Not IC
O17595,C04758,LATAM,I303000,Halogen oven #1,1,$122.13,7/7/2023,S08,Not IC
O17731,C06291,LATAM,I950617,Hot plate #3,2,$325.24,2/10/2022,S29,Not IC
O20051,C04226,LATAM,I942330,Espresso machine #1,1,$144.77,10/1/2022,S67,Not IC
O21387,C04000,EMEA,I242501,Rotisserie #3,1,$342.56,10/4/2022,S30,Intercompany
O21387,C04000,EMEA,I202330,Hibachi #3,1,$225.94,10/4/2022,S30,Intercompany
O21577,C06235,N. America,I539617,Vacuum fryer #2,2,$436.40,10/6/2022,S05,Not IC
O23771,C06186,N. America,I239000,Popcorn maker #3,1,$940.66,8/24/2022,S09,Not IC
O23951,C03537,EMEA,I350336,Pancake machine #3,2,$813.81,11/28/2022,S11,Not IC
O23951,C03537,EMEA,I291617,Wet grinder #2,10,$613.06,11/28/2022,S11,Not IC
O23951,C03537,EMEA,I350610,Pressure cooker #3,11,$337.83,11/28/2022,S11,Not IC
O24003,C03525,LATAM,I302336,Flattop grill #1,1,$545.80,12/28/2022,S26,Not IC
O24753,C08606,N. America,I539336,Thermal immersion circulator #2,1,$565.36,9/14/2022,S05,Not IC
O25109,C03339,LATAM,I302258,Fire pot #3,3,$271.37,10/22/2022,S32,Not IC
O25109,C03339,LATAM,I302258,Fire pot #3,5,$193.46,10/22/2022,S32,Not IC
O26267,C06931,N. America,I950617,Hot plate #3,2,$284.38,11/18/2022,S10,Not IC
O26267,C06931,N. America,I950617,Hot plate #3,2,$284.38,11/18/2022,S10,Not IC
O26267,C06931,N. America,I950617,Hot plate #3,2,$284.38,11/18/2022,S10,Not IC
O26267,C06931,N. America,I202330,Hibachi #3,1,$234.39,11/18/2022,S10,Not IC
O26267,C06931,N. America,I962000,Microwave oven #2,1,$200.23,11/18/2022,S10,Not IC
O27111,C08271,EMEA,I950617,Hot plate #3,13,$593.87,2/8/2022,S38,Not IC
O27381,C02984,N. America,I009TRA,Bachelor griller #2,1,$967.90,9/13/2022,S10,Not IC
O27939,C02901,APAC,I293330,Chocolatera #2,1,$195.63,3/26/2023,S59,Intercompany
O27939,C02901,APAC,I293330,Chocolatera #2,1,$165.71,3/26/2023,S59,Intercompany
O27995,C02930,LATAM,I240610,Roasting jack #3,10,$678.76,3/26/2023,S17,Not IC
O27995,C02930,LATAM,I246000,Russian oven #1,1,$592.16,3/26/2023,S17,Not IC
O27995,C02930,LATAM,I246000,Russian oven #1,1,$183.22,3/26/2023,S17,Not IC
O27999,C07357,N. America,I850005,Combi steamer #1,1,$596.50,2/27/2023,S06,Not IC
O27999,C07357,N. America,I850005,Combi steamer #1,1,$166.12,2/27/2023,S06,Not IC
O27999,C07357,N. America,I880000,Communal oven #2,1,$124.90,2/27/2023,S06,Not IC
O28335,C06160,N. America,I810600,Chorkor oven #2,1,$896.15,9/30/2023,S21,Not IC
O28335,C06160,N. America,I810600,Chorkor oven #2,1,$629.13,9/30/2023,S21,Not IC
O28335,C06160,N. America,I810600,Chorkor oven #2,1,$484.91,9/30/2023,S21,Not IC
O28335,C06160,N. America,I810005,Chapati maker #2,1,$421.58,9/30/2023,S21,Not IC
O28335,C06160,N. America,I810330,Cheesemelter #3,1,$287.75,9/30/2023,S21,Not IC
O28335,C06160,N. America,I810001,Butane torch #1,1,$278.73,9/30/2023,S21,Not IC
O28335,C06160,N. America,I810336,Chocolatera #1,2,$202.66,9/30/2023,S21,Not IC
O28335,C06160,N. America,I810600,Chorkor oven #2,1,$155.01,9/30/2023,S21,Not IC
O28335,C06160,N. America,I810600,Chorkor oven #2,1,$139.44,9/30/2023,S21,Not IC
O28335,C06160,N. America,I810336,Chocolatera #1,1,$105.05,9/30/2023,S21,Not IC
O28335,C06160,N. America,I800336,Bachelor griller #3,1,$100.44,9/30/2023,S21,Not IC
O28351,C02813,N. America,I850005,Combi steamer #1,1,$577.90,9/30/2023,S04,Not IC
O28351,C02813,N. America,I850005,Combi steamer #1,1,$235.65,9/30/2023,S04,Not IC
O29119,C04974,N. America,I539617,Vacuum fryer #2,2,$366.19,12/20/2022,S21,Not IC
O29119,C04974,N. America,I539617,Vacuum fryer #2,2,$322.09,12/20/2022,S21,Not IC
O29119,C04974,N. America,I950617,Hot plate #3,8,$132.32,12/20/2022,S21,Not IC
O29569,C02655,LATAM,I133336,Beehive oven #1,1,$317.07,12/1/2022,S26,Not IC
O30915,C02491,LATAM,I239000,Popcorn maker #3,1,$100.20,5/1/2022,S32,Not IC
O30979,C02821,N. America,I293000,Butane torch #2,1,$321.19,4/2/2022,S05,Not IC
O31675,C02379,APAC,IP02258,Russian oven #2,1,$458.11,1/16/2022,S60,Not IC
O31735,C02368,EMEA,I961000,Mess kit #1,1,$193.12,2/19/2022,S77,Intercompany
O31911,C02342,LATAM,I512500,Solar cooker #2,1,$207.35,5/22/2022,S32,Not IC
O31921,C04738,APAC,I291617,Wet grinder #2,10,$579.90,12/22/2022,S59,Intercompany
O31921,C04738,APAC,I293000,Butane torch #2,1,$363.16,12/22/2022,S59,Intercompany
O31985,C02326,LATAM,I962000,Microwave oven #2,1,$163.64,4/27/2022,S70,Not IC
O32005,C04884,EMEA,I134336,Cheesemelter #2,1,$341.09,5/27/2023,S31,Intercompany
O32005,C04884,EMEA,I962000,Microwave oven #2,1,$164.15,5/27/2023,S31,Intercompany
O32037,C02313,LATAM,I202502,Hot plate #2,2,$536.47,3/27/2022,S51,Not IC
O32051,C02839,APAC,I961000,Mess kit #1,1,$194.16,12/27/2022,S60,Not IC
O32051,C02839,APAC,I950617,Hot plate #3,1,$137.23,12/27/2022,S60,Not IC
O32059,C02306,N. America,I539608,Turkey fryer #1,2,$497.97,5/27/2023,S05,Not IC
O32059,C02306,N. America,I539336,Thermal immersion circulator #2,3,$124.50,5/27/2023,S05,Not IC
O32087,C06835,N. America,I850005,Combi steamer #1,1,$428.28,6/29/2022,S10,Not IC
O32087,C06835,N. America,I850005,Combi steamer #1,1,$293.76,6/29/2022,S10,Not IC
O32087,C06835,N. America,I850005,Combi steamer #1,1,$256.92,6/29/2022,S10,Not IC
O32107,C02298,APAC,I950617,Hot plate #3,6,$689.85,4/29/2023,S60,Not IC
O32107,C02298,APAC,I950617,Hot plate #3,2,$244.54,4/29/2023,S60,Not IC
O32107,C02298,APAC,I950617,Hot plate #3,2,$244.54,4/29/2023,S60,Not IC
O32107,C02298,APAC,I962336,Oven #1,1,$162.94,4/29/2023,S60,Not IC
O32107,C02298,APAC,I960500,Masonry oven #3,1,$160.87,4/29/2023,S60,Not IC
O32107,C02298,APAC,I950258,Halogen oven #3,2,$76.81,4/29/2023,S60,Not IC
O32107,C02298,APAC,I950258,Halogen oven #3,2,$73.03,4/29/2023,S60,Not IC
O32119,C03595,APAC,I292340,Beehive oven #3,1,$363.75,3/29/2022,S60,Not IC
O32167,C02288,APAC,I961000,Mess kit #1,1,$180.64,3/30/2023,S60,Not IC
O32167,C02288,APAC,I950617,Hot plate #3,1,$127.67,3/30/2023,S60,Not IC
O32193,C02282,LATAM,I962336,Oven #1,1,$474.38,6/30/2023,S68,Not IC
O32193,C02282,LATAM,I962258,Multicooker #3,1,$447.66,6/30/2023,S68,Not IC
O32193,C02282,LATAM,I960500,Masonry oven #3,1,$190.51,6/30/2023,S68,Not IC
O32203,C02280,LATAM,I275000,Tandoor #2,1,$106.54,3/30/2022,S22,Not IC
O32343,C04738,APAC,I293336,Chorkor oven #3,1,$702.02,7/6/2023,S59,Intercompany
O32343,C04738,APAC,I293000,Butane torch #2,1,$324.55,7/6/2023,S59,Intercompany
O32343,C04738,APAC,I293330,Chocolatera #2,1,$295.59,7/6/2023,S59,Intercompany
O32343,C04738,APAC,I293258,Cheesemelter #1,1,$272.28,7/6/2023,S59,Intercompany
O32405,C04304,APAC,I293336,Chorkor oven #3,1,$107.61,4/9/2023,S60,Not IC
O32445,C03526,APAC,I293000,Butane torch #2,1,$248.78,6/10/2023,S60,Not IC
O32541,C02223,APAC,I293000,Butane torch #2,1,$285.61,6/11/2023,S60,Not IC
O32587,C02219,APAC,I293000,Butane torch #2,1,$243.10,1/12/2023,S60,Not IC
O32595,C04738,APAC,I950617,Hot plate #3,2,$285.35,7/12/2023,S59,Intercompany
O32595,C04738,APAC,I960000,Instant Pot #1,1,$159.40,7/12/2023,S59,Intercompany
O32595,C04738,APAC,I950617,Hot plate #3,1,$148.32,7/12/2023,S59,Intercompany
O32595,C04738,APAC,I920160,Convection microwave #3,2,$72.13,7/12/2023,S59,Intercompany
O32683,C03546,APAC,I350000,Kitchener range #3,1,$237.23,5/16/2023,S60,Not IC
O32751,C02194,APAC,I202502,Hot plate #2,1,$168.56,7/17/2023,S60,Not IC
O32865,C01109,APAC,I950617,Hot plate #3,6,$800.86,5/19/2023,S60,Not IC
O32865,C01109,APAC,I950617,Hot plate #3,3,$409.55,5/19/2023,S60,Not IC
O32865,C01109,APAC,I950617,Hot plate #3,3,$409.55,5/19/2023,S60,Not IC
O32865,C01109,APAC,I950617,Hot plate #3,2,$279.31,5/19/2023,S60,Not IC
O32865,C01109,APAC,I962000,Microwave oven #2,1,$215.44,5/19/2023,S60,Not IC
O32865,C01109,APAC,I920160,Convection microwave #3,2,$70.60,5/19/2023,S60,Not IC
O32893,C08271,EMEA,I950617,Hot plate #3,2,$317.96,6/19/2022,S38,Not IC
O33095,C08548,N. America,I295000,Communal oven #3,1,$350.72,6/24/2023,S04,Not IC
O33095,C08548,N. America,I292336,Barbecue grill #2,1,$168.83,6/24/2023,S04,Not IC
O33111,C08532,N. America,I160170,Earth oven #1,3,$211.84,6/25/2023,S21,Not IC
O33183,C09044,N. America,I539617,Vacuum fryer #2,1,$180.06,2/26/2022,S10,Not IC
O33203,C08785,N. America,I539617,Vacuum fryer #2,1,$180.06,5/26/2023,S10,Not IC
O33299,C03516,APAC,I202259,Food steamer #3,18,$597.25,6/30/2023,S60,Not IC
O33299,C03516,APAC,I950617,Hot plate #3,10,$216.43,6/30/2023,S60,Not IC
O33299,C03516,APAC,I240610,Roasting jack #3,18,$159.20,6/30/2023,S60,Not IC
O33299,C03516,APAC,I960000,Instant Pot #1,1,$148.12,6/30/2023,S60,Not IC
O33299,C03516,APAC,I950617,Hot plate #3,10,$112.50,6/30/2023,S60,Not IC
O33363,C02105,LATAM,I239336,Rice cooker #1,1,$808.70,5/31/2023,S17,Not IC
O33363,C02105,LATAM,I239000,Popcorn maker #3,1,$115.90,5/31/2023,S17,Not IC
O33763,C02217,LATAM,IP02258,Russian oven #2,1,$533.70,7/8/2023,S15,Not IC
O33763,C02217,LATAM,I240610,Roasting jack #3,10,$505.38,7/8/2023,S15,Not IC
O33763,C02217,LATAM,IP02330,Salamander broiler #3,1,$337.03,7/8/2023,S15,Not IC
O33763,C02217,LATAM,I238617,Panini sandwich grill #2,10,$314.07,7/8/2023,S15,Not IC
O33763,C02217,LATAM,I200258,Espresso machine #3,2,$288.33,7/8/2023,S15,Not IC
O33763,C02217,LATAM,I260258,Sous-vide cooker #1,10,$285.90,7/8/2023,S15,Not IC
O33763,C02217,LATAM,IP02258,Russian oven #2,1,$202.42,7/8/2023,S15,Not IC
O33763,C02217,LATAM,IP02258,Russian oven #2,4,$200.22,7/8/2023,S15,Not IC
O33763,C02217,LATAM,I240610,Roasting jack #3,10,$184.46,7/8/2023,S15,Not IC
O33763,C02217,LATAM,IP02258,Russian oven #2,1,$176.51,7/8/2023,S15,Not IC
O33763,C02217,LATAM,IP02258,Russian oven #2,1,$70.97,7/8/2023,S15,Not IC
O33931,C02029,EMEA,I962000,Microwave oven #2,1,$202.65,7/10/2023,S30,Intercompany
O33931,C02029,EMEA,I962336,Oven #1,1,$182.66,7/10/2023,S30,Intercompany
O33985,C02024,APAC,I293000,Butane torch #2,1,$318.99,4/13/2022,S60,Not IC
O33985,C02024,APAC,I293617,Combi steamer #2,2,$155.30,4/13/2022,S60,Not IC
O34115,C02006,APAC,I293000,Butane torch #2,1,$296.48,6/15/2023,S60,Not IC
O34115,C02006,APAC,I202330,Hibachi #3,1,$247.32,6/15/2023,S60,Not IC
O34115,C02006,APAC,I293617,Combi steamer #2,3,$236.84,6/15/2023,S60,Not IC
O34115,C02006,APAC,I240610,Roasting jack #3,10,$168.29,6/15/2023,S60,Not IC
O34121,C02003,APAC,I293617,Combi steamer #2,12,$854.77,7/15/2023,S60,Not IC
O34121,C02003,APAC,I350258,Mess kit #2,1,$539.13,7/15/2023,S60,Not IC
O34121,C02003,APAC,I350610,Pressure cooker #3,10,$497.97,7/15/2023,S60,Not IC
O34121,C02003,APAC,I292340,Beehive oven #3,1,$385.44,7/15/2023,S60,Not IC
O34121,C02003,APAC,I293000,Butane torch #2,1,$270.39,7/15/2023,S60,Not IC
O34121,C02003,APAC,I350000,Kitchener range #3,1,$216.68,7/15/2023,S60,Not IC
O34121,C02003,APAC,I350258,Mess kit #2,3,$200.79,7/15/2023,S60,Not IC
O34125,C02001,APAC,I292460,Bread machine #1,2,$362.56,8/15/2023,S60,Not IC
O34125,C02001,APAC,I293000,Butane torch #2,1,$294.16,8/15/2023,S60,Not IC
O34125,C02001,APAC,I293336,Chorkor oven #3,1,$110.60,8/15/2023,S60,Not IC
O34365,C05798,N. America,I302610,Griddle #3,10,$213.64,8/21/2023,S10,Not IC
O34581,C03007,N. America,I293000,Butane torch #2,1,$383.59,8/27/2023,S09,Not IC
O34581,C03007,N. America,I293330,Chocolatera #2,1,$294.30,8/27/2023,S09,Not IC
O34581,C03007,N. America,I293330,Chocolatera #2,1,$269.73,8/27/2023,S09,Not IC
O34581,C03007,N. America,I293330,Chocolatera #2,1,$234.39,8/27/2023,S09,Not IC
O34581,C03007,N. America,I009TRA,Bachelor griller #2,1,$150.84,8/27/2023,S09,Not IC
O34769,C05979,N. America,I293000,Butane torch #2,1,$382.72,8/1/2023,S09,Not IC
O34769,C05979,N. America,I293330,Chocolatera #2,1,$170.01,8/1/2023,S09,Not IC
O34975,C02650,APAC,I950617,Hot plate #3,6,$804.98,8/6/2023,S59,Intercompany
O34975,C02650,APAC,I920617,Corn roaster #2,4,$392.37,8/6/2023,S59,Intercompany
O34975,C02650,APAC,I920617,Corn roaster #2,4,$392.37,8/6/2023,S59,Intercompany
O34975,C02650,APAC,I920617,Corn roaster #2,3,$299.06,8/6/2023,S59,Intercompany
O34975,C02650,APAC,I920617,Corn roaster #2,3,$299.06,8/6/2023,S59,Intercompany
O34975,C02650,APAC,I962000,Microwave oven #2,1,$212.51,8/6/2023,S59,Intercompany
O34975,C02650,APAC,I950258,Halogen oven #3,1,$96.26,8/6/2023,S59,Intercompany
O34975,C02650,APAC,I920160,Convection microwave #3,2,$72.13,8/6/2023,S59,Intercompany
O35085,C01884,LATAM,IDIS460,Popcorn maker #1,1,$756.27,9/8/2023,S36,Not IC
O35085,C01884,LATAM,I293000,Butane torch #2,1,$316.97,9/8/2023,S36,Not IC
O35085,C01884,LATAM,I293336,Chorkor oven #3,1,$110.26,9/8/2023,S36,Not IC
O35105,C01995,LATAM,I350317,Multicooker #1,2,$484.20,5/8/2023,S29,Not IC
O35257,C08271,EMEA,I512340,Slow cooker #1,1,$401.76,3/10/2023,S38,Not IC
O35301,C01852,APAC,I293000,Butane torch #2,1,$246.60,9/13/2022,S60,Not IC
O35367,C01844,APAC,I293617,Combi steamer #2,4,$268.82,6/14/2023,S60,Not IC
O35367,C01844,APAC,I293000,Butane torch #2,1,$256.49,6/14/2023,S60,Not IC
O35371,C01842,EMEA,I293336,Chorkor oven #3,1,$697.25,8/14/2023,S32,Intercompany
O35371,C01842,EMEA,I293000,Butane torch #2,1,$310.35,8/14/2023,S32,Intercompany
O35371,C01842,EMEA,I293330,Chocolatera #2,1,$293.59,8/14/2023,S32,Intercompany
O35371,C01842,EMEA,I293258,Cheesemelter #1,1,$270.43,8/14/2023,S32,Intercompany
O35427,C01832,APAC,I240610,Roasting jack #3,25,$164.54,9/15/2023,S60,Not IC
O35515,C06388,N. America,I962000,Microwave oven #2,1,$198.15,4/17/2023,S06,Not IC
O35599,C01817,LATAM,I962000,Microwave oven #2,1,$176.49,9/20/2023,S70,Not IC
O35625,C02614,EMEA,I350610,Pressure cooker #3,5,$74.37,6/20/2023,S77,Intercompany
O35791,C01793,EMEA,I293000,Butane torch #2,1,$273.93,8/22/2023,S32,Intercompany
O35791,C01793,EMEA,I293330,Chocolatera #2,1,$231.58,8/22/2023,S32,Intercompany
O35791,C01793,EMEA,I293258,Cheesemelter #1,1,$213.32,8/22/2023,S32,Intercompany
O35819,C07063,N. America,IFT4616,Rotimatic #3,2,$129.09,7/23/2023,S21,Not IC
O36007,C01761,LATAM,I293617,Combi steamer #2,6,$702.02,9/27/2023,S20,Not IC
O36007,C01761,LATAM,I293000,Butane torch #2,1,$420.65,9/27/2023,S20,Not IC
O36007,C01761,LATAM,I350340,Panini sandwich grill #1,1,$327.22,9/27/2023,S20,Not IC
O36007,C01761,LATAM,I293460,Clome oven #1,1,$310.93,9/27/2023,S20,Not IC
O36007,C01761,LATAM,I293460,Clome oven #1,1,$284.18,9/27/2023,S20,Not IC
O36007,C01761,LATAM,I293330,Chocolatera #2,1,$273.95,9/27/2023,S20,Not IC
O36007,C01761,LATAM,I293330,Chocolatera #2,1,$265.60,9/27/2023,S20,Not IC
O36069,C01741,APAC,I512340,Slow cooker #1,2,$717.14,9/29/2022,S59,Intercompany
O36069,C01741,APAC,I512340,Slow cooker #1,1,$360.57,9/29/2022,S59,Intercompany
O36107,C01738,EMEA,I512340,Slow cooker #1,3,$101.02,7/30/2023,S30,Intercompany
O36181,C01725,EMEA,I962000,Microwave oven #2,1,$199.95,8/30/2022,S60,Not IC
O36257,C01713,LATAM,I512500,Solar cooker #2,1,$191.99,8/31/2023,S32,Not IC
O36275,C08673,N. America,I350002,Masonry oven #1,1,$305.31,5/31/2023,S05,Not IC
O36279,C10787,LATAM,I293000,Butane torch #2,1,$372.33,5/31/2022,S32,Not IC
O36553,C01667,LATAM,I293617,Combi steamer #2,6,$702.02,4/11/2023,S20,Not IC
O36553,C01667,LATAM,I293000,Butane torch #2,1,$508.54,4/11/2023,S20,Not IC
O36553,C01667,LATAM,I350340,Panini sandwich grill #1,1,$327.22,4/11/2023,S20,Not IC
O36601,C01662,APAC,I962000,Microwave oven #2,1,$226.78,10/12/2023,S60,Not IC
O36605,C01662,APAC,I293000,Butane torch #2,1,$327.17,7/12/2022,S60,Not IC
O36761,C01991,APAC,I246000,Russian oven #1,1,$162.50,9/14/2023,S60,Not IC
O36761,C01991,APAC,I960000,Instant Pot #1,1,$143.40,9/14/2023,S60,Not IC
O36763,C06251,N. America,I950617,Hot plate #3,1,$207.70,6/14/2022,S09,Not IC
O36785,C06001,N. America,I539336,Thermal immersion circulator #2,1,$525.36,10/14/2023,S05,Not IC
O36927,C01615,APAC,I295000,Communal oven #3,1,$363.99,7/19/2023,S60,Not IC
O37019,C09073,N. America,I009TRA,Bachelor griller #2,1,$141.93,5/20/2023,S04,Not IC
O37029,C04348,N. America,I512340,Slow cooker #1,1,$751.49,7/20/2022,S10,Not IC
O37053,C01597,APAC,I246000,Russian oven #1,1,$174.22,4/21/2023,S60,Not IC
O37113,C01585,APAC,I293617,Combi steamer #2,9,$679.88,10/24/2023,S60,Not IC
O37113,C01585,APAC,I293000,Butane torch #2,1,$277.83,10/24/2023,S60,Not IC
O37113,C01585,APAC,I260258,Sous-vide cooker #1,10,$276.43,10/24/2023,S60,Not IC
O37113,C01585,APAC,I350330,Oven #2,1,$128.13,10/24/2023,S60,Not IC
O37113,C01585,APAC,I350258,Mess kit #2,1,$77.33,10/24/2023,S60,Not IC
O37125,C01581,EMEA,I962000,Microwave oven #2,1,$199.95,6/24/2023,S60,Not IC
O37263,C01558,N. America,I810336,Chocolatera #1,1,$864.06,9/26/2023,S10,Not IC
O37263,C01558,N. America,I810336,Chocolatera #1,3,$610.92,9/26/2023,S10,Not IC
O37263,C01558,N. America,I810600,Chorkor oven #2,1,$488.90,9/26/2023,S10,Not IC
O37263,C01558,N. America,I810330,Cheesemelter #3,1,$341.56,9/26/2023,S10,Not IC
O37263,C01558,N. America,I810001,Butane torch #1,1,$287.51,9/26/2023,S10,Not IC
O37263,C01558,N. America,I810600,Chorkor oven #2,1,$283.45,9/26/2023,S10,Not IC
O37263,C01558,N. America,I810600,Chorkor oven #2,1,$157.51,9/26/2023,S10,Not IC
O37267,C01558,N. America,I350336,Pancake machine #3,1,$907.76,9/26/2023,S10,Not IC
O37267,C01558,N. America,I350002,Masonry oven #1,1,$406.39,9/26/2023,S10,Not IC
O37267,C01558,N. America,I350330,Oven #2,1,$171.94,9/26/2023,S10,Not IC
O37267,C01558,N. America,I350330,Oven #2,1,$145.10,9/26/2023,S10,Not IC
O37513,C06098,LATAM,I302610,Griddle #3,10,$169.98,9/3/2023,S39,Not IC
O37549,C01530,N. America,I539340,Toaster and toaster ovens #3,1,$103.25,9/4/2023,S09,Not IC
O37585,C02650,APAC,I202258,Flattop grill #2,1,$338.12,7/5/2023,S59,Intercompany
O37637,C12003,LATAM,I136258,Communal oven #1,16,$351.79,5/5/2023,S45,Intercompany
O37659,C01520,APAC,I950617,Hot plate #3,5,$677.70,10/8/2023,S59,Intercompany
O37659,C01520,APAC,I962000,Microwave oven #2,1,$212.51,10/8/2023,S59,Intercompany
O37659,C01520,APAC,I920160,Convection microwave #3,5,$171.30,10/8/2023,S59,Intercompany
O37659,C01520,APAC,I950617,Hot plate #3,1,$148.32,10/8/2023,S59,Intercompany
O37661,C01519,APAC,I950617,Hot plate #3,6,$804.98,10/8/2023,S59,Intercompany
O37661,C01519,APAC,I950617,Hot plate #3,6,$804.98,10/8/2023,S59,Intercompany
O37661,C01519,APAC,I962258,Multicooker #3,1,$441.10,10/8/2023,S59,Intercompany
O37661,C01519,APAC,I950617,Hot plate #3,2,$285.35,10/8/2023,S59,Intercompany
O37661,C01519,APAC,I960500,Masonry oven #3,1,$181.14,10/8/2023,S59,Intercompany
O37779,C04775,EMEA,I810627,Clome oven #3,2,$694.92,8/10/2023,S25,Intercompany
O37779,C04775,EMEA,I800638,Bread machine #3,8,$97.76,8/10/2023,S25,Intercompany
O37845,C01662,APAC,I350000,Kitchener range #3,1,$186.68,10/11/2023,S60,Not IC
O37845,C01662,APAC,I246000,Russian oven #1,1,$138.07,10/11/2023,S60,Not IC
O37845,C01662,APAC,I350330,Oven #2,1,$105.90,10/11/2023,S60,Not IC
O37845,C01662,APAC,I240610,Roasting jack #3,10,$77.50,10/11/2023,S60,Not IC
O37845,C01662,APAC,I350610,Pressure cooker #3,3,$72.07,10/11/2023,S60,Not IC
O38125,C02012,LATAM,I850005,Combi steamer #1,1,$396.07,9/17/2023,S09,Not IC
O38127,C02012,LATAM,I850005,Combi steamer #1,1,$472.49,6/17/2023,S09,Not IC
O38127,C02012,LATAM,I850005,Combi steamer #1,1,$472.49,6/17/2023,S09,Not IC
O38235,C01453,APAC,I293000,Butane torch #2,1,$256.48,8/22/2023,S60,Not IC
O38275,C01440,EMEA,I950617,Hot plate #3,2,$285.35,10/22/2023,S30,Intercompany
O38287,C01439,N. America,I850005,Combi steamer #1,1,$374.00,6/22/2023,S06,Not IC
O38287,C01439,N. America,I850005,Combi steamer #1,1,$157.23,6/22/2023,S06,Not IC
O38287,C01439,N. America,I850005,Combi steamer #1,1,$143.97,6/22/2023,S06,Not IC
O38407,C01412,LATAM,I960500,Masonry oven #3,1,$238.86,5/24/2022,S32,Not IC
O38427,C08158,N. America,I291617,Wet grinder #2,5,$422.08,7/24/2023,S10,Not IC
O38445,C01403,LATAM,I961000,Mess kit #1,1,$161.11,6/25/2023,S70,Not IC
O38447,C01402,APAC,I950336,Hibachi #1,1,$327.58,8/25/2023,S59,Intercompany
O38447,C01402,APAC,I960000,Instant Pot #1,1,$159.40,8/25/2023,S59,Intercompany
O38447,C01402,APAC,I920160,Convection microwave #3,3,$105.76,8/25/2023,S59,Intercompany
O38447,C01402,APAC,I950258,Halogen oven #3,1,$79.65,8/25/2023,S59,Intercompany
O38501,C01392,APAC,I202330,Hibachi #3,1,$716.75,11/26/2022,S60,Not IC
O38501,C01392,APAC,I202502,Hot plate #2,1,$175.66,11/26/2022,S60,Not IC
O38539,C01385,APAC,I293000,Butane torch #2,1,$300.40,8/26/2023,S59,Intercompany
O38543,C01472,N. America,I293000,Butane torch #2,1,$313.98,7/30/2023,S04,Not IC
O38543,C01472,N. America,I293336,Chorkor oven #3,1,$143.00,7/30/2023,S04,Not IC
O38577,C01377,EMEA,I960500,Masonry oven #3,1,$172.73,9/30/2023,S30,Intercompany
O38641,C01363,APAC,I201258,Fire pot #1,1,$322.50,8/31/2023,S59,Intercompany
O38643,C01363,APAC,I201258,Fire pot #1,1,$322.50,7/31/2022,S59,Intercompany
O38645,C01363,APAC,I260258,Sous-vide cooker #1,13,$709.82,10/1/2023,S59,Intercompany
O38645,C01363,APAC,I201258,Fire pot #1,1,$322.50,10/1/2023,S59,Intercompany
O38647,C01363,APAC,I201258,Fire pot #1,1,$322.50,10/31/2022,S59,Intercompany
O38649,C01363,APAC,I201258,Fire pot #1,1,$322.50,7/1/2023,S59,Intercompany
O38667,C01362,N. America,I136258,Communal oven #1,2,$767.92,7/1/2023,S21,Not IC
O38691,C01530,N. America,I539617,Vacuum fryer #2,2,$350.95,7/1/2023,S09,Not IC
O38765,C01672,LATAM,I303258,Hibachi #2,10,$275.80,7/2/2022,S45,Intercompany
O38801,C01350,EMEA,I960500,Masonry oven #3,1,$193.33,10/2/2023,S60,Not IC
O38881,C02650,APAC,I201258,Fire pot #1,5,$147.35,7/5/2023,S59,Intercompany
O38893,C06838,N. America,I350002,Masonry oven #1,1,$371.42,11/5/2022,S09,Not IC
O38919,C04185,EMEA,I350258,Mess kit #2,1,$611.94,6/6/2023,S30,Intercompany
O38987,C04291,LATAM,IFT4616,Rotimatic #3,1,$75.51,9/7/2023,S07,Not IC
O39017,C01672,LATAM,I136258,Communal oven #1,1,$259.06,6/7/2023,S45,Intercompany
O39159,C01315,APAC,I293617,Combi steamer #2,10,$839.33,7/12/2023,S60,Not IC
O39159,C01315,APAC,I293000,Butane torch #2,1,$312.83,7/12/2023,S60,Not IC
O39159,C01315,APAC,I292460,Bread machine #1,1,$173.89,7/12/2023,S60,Not IC
O39159,C01315,APAC,I293336,Chorkor oven #3,1,$116.70,7/12/2023,S60,Not IC
O39171,C01306,EMEA,I350000,Kitchener range #3,1,$203.81,9/12/2023,S32,Intercompany
O39171,C01306,EMEA,I350330,Oven #2,1,$138.53,9/12/2023,S32,Intercompany
O39171,C01306,EMEA,I350330,Oven #2,1,$116.91,9/12/2023,S32,Intercompany
O39189,C04945,LATAM,I920617,Corn roaster #2,10,$103.83,9/12/2023,S67,Not IC
O39199,C06104,EMEA,I201258,Fire pot #1,1,$359.34,11/12/2022,S52,Not IC
O39201,C06104,EMEA,I240610,Roasting jack #3,4,$176.63,12/12/2022,S52,Not IC
O39207,C06560,N. America,I293000,Butane torch #2,1,$426.51,7/12/2023,S06,Not IC
O39211,C05780,N. America,I293000,Butane torch #2,1,$346.39,7/12/2023,S10,Not IC
O39349,C08743,N. America,I293000,Butane torch #2,1,$321.46,8/15/2023,S10,Not IC
O39419,C01285,N. America,I295538,Corn roaster #3,2,$310.44,9/16/2023,S06,Not IC
O39517,C07033,EMEA,I293330,Chocolatera #2,1,$295.59,10/19/2023,S27,Intercompany
O39517,C07033,EMEA,I293258,Cheesemelter #1,1,$272.28,10/19/2023,S27,Intercompany
O39523,C02255,LATAM,I136348,Convection oven #3,2,$166.58,8/19/2023,S45,Intercompany
O39551,C02650,APAC,I201258,Fire pot #1,1,$322.50,7/19/2023,S59,Intercompany
O39573,C01268,APAC,I960500,Masonry oven #3,1,$181.14,9/20/2023,S59,Intercompany
O39651,C01254,EMEA,I293000,Butane torch #2,1,$324.55,11/21/2022,S30,Intercompany
O39699,C01245,N. America,I293000,Butane torch #2,1,$324.55,7/22/2023,S04,Not IC
O39701,C08373,N. America,I800001,Wet grinder #1,1,$231.19,7/22/2023,S09,Not IC
O39779,C02922,EMEA,I350000,Kitchener range #3,1,$266.18,9/23/2023,S31,Intercompany
O39781,C01238,EMEA,I961000,Mess kit #1,1,$202.52,8/23/2023,S31,Intercompany
O39785,C01234,EMEA,I293000,Butane torch #2,1,$324.55,8/23/2023,S32,Intercompany
O39785,C01234,EMEA,I293330,Chocolatera #2,1,$295.59,8/23/2023,S32,Intercompany
O39785,C01234,EMEA,I293258,Cheesemelter #1,1,$272.28,8/23/2023,S32,Intercompany
O39803,C01229,LATAM,I202336,Hot box (appliance) #1,1,$495.22,6/26/2022,S17,Not IC
O39823,C01221,APAC,I950617,Hot plate #3,4,$563.75,8/26/2023,S60,Not IC
O39823,C01221,APAC,I950617,Hot plate #3,2,$293.03,8/26/2023,S60,Not IC
O39823,C01221,APAC,I960500,Masonry oven #3,1,$186.01,8/26/2023,S60,Not IC
O39869,C08533,N. America,IP02330,Salamander broiler #3,1,$381.59,9/26/2023,S21,Not IC
O39869,C08533,N. America,IP02330,Salamander broiler #3,1,$144.09,9/26/2023,S21,Not IC
O39959,C02223,APAC,I962000,Microwave oven #2,1,$211.38,8/28/2023,S60,Not IC
O39967,C03855,EMEA,I510098,Rice polisher #1,1,$523.26,9/28/2023,S52,Not IC
O39967,C03855,EMEA,I510098,Rice polisher #1,1,$326.75,9/28/2023,S52,Not IC
O39977,C01192,APAC,I950617,Hot plate #3,3,$367.28,9/28/2023,S60,Not IC
O39977,C01192,APAC,I950617,Hot plate #3,3,$367.28,9/28/2023,S60,Not IC
O39977,C01192,APAC,I960000,Instant Pot #1,1,$139.91,9/28/2023,S60,Not IC
O39991,C02821,N. America,I293000,Butane torch #2,1,$277.69,7/28/2023,S05,Not IC
O39991,C02821,N. America,I350000,Kitchener range #3,1,$251.76,7/28/2023,S05,Not IC
O39991,C02821,N. America,I293336,Chorkor oven #3,1,$156.46,7/28/2023,S05,Not IC
O40031,C01185,APAC,I136500,Corn roaster #1,1,$930.44,9/29/2023,S60,Not IC
O40031,C01185,APAC,I134500,Chorkor oven #1,1,$697.08,9/29/2023,S60,Not IC
O40031,C01185,APAC,I133336,Beehive oven #1,1,$441.99,9/29/2023,S60,Not IC
O40031,C01185,APAC,I136258,Communal oven #1,1,$348.62,9/29/2023,S60,Not IC
O40031,C01185,APAC,I133258,Barbecue grill #3,1,$164.00,9/29/2023,S60,Not IC
O40033,C01182,APAC,I293000,Butane torch #2,1,$261.29,12/29/2022,S60,Not IC
O40039,C01236,N. America,I350002,Masonry oven #1,1,$283.99,10/29/2023,S05,Not IC
O40057,C01172,APAC,I293000,Butane torch #2,1,$300.40,12/29/2022,S59,Intercompany
O40071,C01168,LATAM,I960500,Masonry oven #3,1,$234.45,7/29/2023,S22,Not IC
O40095,C01164,N. America,I293000,Butane torch #2,1,$411.44,10/30/2023,S05,Not IC
O40095,C01164,N. America,I293336,Chorkor oven #3,1,$158.10,10/30/2023,S05,Not IC
O40111,C01160,APAC,I240610,Roasting jack #3,13,$530.92,6/30/2023,S60,Not IC
O40111,C01160,APAC,I246000,Russian oven #1,1,$508.20,6/30/2023,S60,Not IC
O40111,C01160,APAC,I246000,Russian oven #1,1,$209.89,6/30/2023,S60,Not IC
O40111,C01160,APAC,I260258,Sous-vide cooker #1,3,$109.93,6/30/2023,S60,Not IC
O40115,C01158,APAC,I350258,Mess kit #2,1,$611.94,12/30/2022,S59,Intercompany
O40119,C01157,APAC,I246000,Russian oven #1,2,$853.05,7/30/2023,S59,Intercompany
O40119,C01157,APAC,I246000,Russian oven #1,2,$347.49,7/30/2023,S59,Intercompany
O40119,C01157,APAC,I200258,Espresso machine #3,1,$149.55,7/30/2023,S59,Intercompany
O40121,C01156,APAC,I136258,Communal oven #1,1,$339.06,8/30/2023,S59,Intercompany
O40125,C01348,EMEA,I202298,Griddle #1,1,$323.48,9/30/2023,S66,Not IC
O40125,C01348,EMEA,I236098,Oven #3,1,$109.65,9/30/2023,S66,Not IC
O40175,C01146,EMEA,I293000,Butane torch #2,1,$300.40,6/30/2023,S27,Intercompany
O40181,C01146,EMEA,I293330,Chocolatera #2,1,$295.59,8/30/2023,S27,Intercompany
O40181,C01146,EMEA,I293258,Cheesemelter #1,1,$272.28,8/30/2023,S27,Intercompany
O40197,C01141,N. America,I201258,Fire pot #1,1,$451.60,11/30/2022,S05,Not IC
O40213,C08338,N. America,I960348,Kitchener range #2,1,$726.40,9/30/2023,S05,Not IC
O40213,C08338,N. America,I962460,Pancake machine #2,2,$277.93,9/30/2023,S05,Not IC
O40213,C08338,N. America,I962000,Microwave oven #2,1,$218.47,9/30/2023,S05,Not IC
O40215,C01135,LATAM,I962000,Microwave oven #2,1,$226.81,9/3/2022,S39,Not IC
O40283,C03695,N. America,I201258,Fire pot #1,2,$868.81,7/5/2023,S10,Not IC
O40299,C01125,EMEA,I350330,Oven #2,1,$343.10,1/6/2023,S52,Not IC
O40299,C01125,EMEA,I350000,Kitchener range #3,1,$189.32,1/6/2023,S52,Not IC
O40311,C02814,EMEA,I950617,Hot plate #3,1,$148.32,10/6/2023,S32,Intercompany
O40311,C02814,EMEA,I950617,Hot plate #3,1,$148.32,10/6/2023,S32,Intercompany
O40385,C08271,EMEA,I950348,Hot box (appliance) #2,1,$913.33,9/7/2023,S38,Not IC
O40385,C08271,EMEA,I300259,Deep fryer #2,15,$295.07,9/7/2023,S38,Not IC
O40385,C08271,EMEA,I231260,Microwave oven #1,1,$230.92,9/7/2023,S38,Not IC
O40385,C08271,EMEA,I950617,Hot plate #3,25,$127.70,9/7/2023,S38,Not IC
O40443,C01108,APAC,I950617,Hot plate #3,2,$285.35,8/10/2023,S59,Intercompany
O40443,C01108,APAC,I950617,Hot plate #3,2,$285.35,8/10/2023,S59,Intercompany
O40443,C01108,APAC,I960000,Instant Pot #1,1,$159.40,8/10/2023,S59,Intercompany
O40443,C01108,APAC,I950617,Hot plate #3,1,$148.32,8/10/2023,S59,Intercompany
O40443,C01108,APAC,I950617,Hot plate #3,1,$148.32,8/10/2023,S59,Intercompany
O40443,C01108,APAC,I950617,Hot plate #3,1,$148.32,8/10/2023,S59,Intercompany
O40453,C01502,EMEA,I134500,Chorkor oven #1,1,$457.98,10/10/2023,S77,Intercompany
O40453,C01502,EMEA,I134208,Butane torch #3,1,$402.89,10/10/2023,S77,Intercompany
O40453,C01502,EMEA,I133336,Beehive oven #1,1,$348.82,10/10/2023,S77,Intercompany
O40525,C04663,LATAM,I302258,Fire pot #3,6,$419.80,1/11/2023,S32,Not IC
O40525,C04663,LATAM,I136258,Communal oven #1,1,$288.66,1/11/2023,S32,Not IC
O40525,C04663,LATAM,I133608,Bread machine #2,2,$236.82,1/11/2023,S32,Not IC
O40615,C07899,N. America,I850005,Combi steamer #1,1,$593.90,7/12/2022,S09,Not IC
O40631,C04038,EMEA,I920617,Corn roaster #2,2,$203.95,9/13/2023,S32,Intercompany
O40739,C05633,N. America,I800600,Beehive oven #2,1,$932.68,9/18/2023,S10,Not IC
O40739,C05633,N. America,I800256,Air fryer #2,1,$554.25,9/18/2023,S10,Not IC
O40739,C05633,N. America,I800336,Bachelor griller #3,1,$483.12,9/18/2023,S10,Not IC
O40739,C05633,N. America,I800336,Bachelor griller #3,1,$454.55,9/18/2023,S10,Not IC
O40739,C05633,N. America,I800346,Barbecue grill #1,1,$381.29,9/18/2023,S10,Not IC
O40739,C05633,N. America,I800336,Bachelor griller #3,3,$345.77,9/18/2023,S10,Not IC
O40739,C05633,N. America,I800001,Wet grinder #1,1,$320.59,9/18/2023,S10,Not IC
O40739,C05633,N. America,I800600,Beehive oven #2,1,$281.76,9/18/2023,S10,Not IC
O40739,C05633,N. America,I800600,Beehive oven #2,1,$279.64,9/18/2023,S10,Not IC
O40739,C05633,N. America,I800336,Bachelor griller #3,2,$234.62,9/18/2023,S10,Not IC
O40739,C05633,N. America,I800600,Beehive oven #2,6,$230.54,9/18/2023,S10,Not IC
O40739,C05633,N. America,I800600,Beehive oven #2,1,$174.15,9/18/2023,S10,Not IC
O40739,C05633,N. America,I800336,Bachelor griller #3,1,$143.69,9/18/2023,S10,Not IC
O40739,C05633,N. America,I800346,Barbecue grill #1,1,$102.30,9/18/2023,S10,Not IC
O40757,C04945,LATAM,I920617,Corn roaster #2,3,$333.22,10/18/2023,S67,Not IC
O40757,C04945,LATAM,I302610,Griddle #3,10,$169.98,10/18/2023,S67,Not IC
O40757,C04945,LATAM,I133258,Barbecue grill #3,2,$108.40,10/18/2023,S67,Not IC
O40757,C04945,LATAM,I920617,Corn roaster #2,10,$103.83,10/18/2023,S67,Not IC
O40757,C04945,LATAM,I302610,Griddle #3,4,$71.57,10/18/2023,S67,Not IC
O40769,C01072,LATAM,I133258,Barbecue grill #3,1,$144.22,10/18/2022,S39,Not IC
O40901,C01055,LATAM,I240610,Roasting jack #3,15,$958.76,10/20/2023,S32,Not IC
O40901,C01055,LATAM,I350258,Mess kit #2,9,$917.56,10/20/2023,S32,Not IC
O40901,C01055,LATAM,I350608,Popcorn maker #2,1,$830.85,10/20/2023,S32,Not IC
O40901,C01055,LATAM,I350258,Mess kit #2,6,$817.32,10/20/2023,S32,Not IC
O40901,C01055,LATAM,I292340,Beehive oven #3,1,$751.94,10/20/2023,S32,Not IC
O40901,C01055,LATAM,I350610,Pressure cooker #3,15,$746.99,10/20/2023,S32,Not IC
O40901,C01055,LATAM,I201258,Fire pot #1,3,$647.30,10/20/2023,S32,Not IC
O40901,C01055,LATAM,I350340,Panini sandwich grill #1,1,$552.99,10/20/2023,S32,Not IC
O40901,C01055,LATAM,I290258,Thermal immersion circulator #3,4,$508.17,10/20/2023,S32,Not IC
O40901,C01055,LATAM,I291259,Turkey fryer #2,3,$145.15,10/20/2023,S32,Not IC
O40901,C01055,LATAM,I350638,Pressure fryer #1,1,$135.24,10/20/2023,S32,Not IC
O40901,C01055,LATAM,I291539,Vacuum fryer #3,2,$128.04,10/20/2023,S32,Not IC
O40901,C01055,LATAM,I291259,Turkey fryer #2,3,$113.23,10/20/2023,S32,Not IC
O40901,C01055,LATAM,I350258,Mess kit #2,2,$109.72,10/20/2023,S32,Not IC
O40901,C01055,LATAM,I350608,Popcorn maker #2,1,$95.15,10/20/2023,S32,Not IC
O40951,C01322,N. America,I539617,Vacuum fryer #2,6,$990.03,7/21/2023,S09,Not IC
O40951,C01322,N. America,I539617,Vacuum fryer #2,4,$745.19,7/21/2023,S09,Not IC
O40979,C05853,N. America,I520340,Tabun oven #3,2,$198.93,9/24/2023,S09,Not IC
O41011,C01981,EMEA,I512608,Sous-vide cooker #3,1,$192.56,10/24/2023,S30,Intercompany
O41011,C01981,EMEA,I512340,Slow cooker #1,4,$133.45,10/24/2023,S30,Intercompany
O41127,C07325,N. America,I810336,Chocolatera #1,1,$704.51,10/26/2023,S21,Not IC
O41127,C07325,N. America,I810600,Chorkor oven #2,1,$689.45,10/26/2023,S21,Not IC
O41127,C07325,N. America,I810600,Chorkor oven #2,1,$398.62,10/26/2023,S21,Not IC
O41127,C07325,N. America,I810005,Chapati maker #2,1,$397.46,10/26/2023,S21,Not IC
O41127,C07325,N. America,I810336,Chocolatera #1,2,$339.70,10/26/2023,S21,Not IC
O41127,C07325,N. America,I810600,Chorkor oven #2,1,$330.45,10/26/2023,S21,Not IC
O41127,C07325,N. America,I810001,Butane torch #1,1,$234.42,10/26/2023,S21,Not IC
O41127,C07325,N. America,I810336,Chocolatera #1,1,$139.82,10/26/2023,S21,Not IC
O41141,C01027,EMEA,I150459,Deep fryer #3,8,$259.62,11/27/2022,S36,Not IC
O41151,C06098,LATAM,I512340,Slow cooker #1,1,$608.64,1/27/2022,S39,Not IC
O41187,C01020,LATAM,I960000,Instant Pot #1,1,$170.12,11/28/2022,S29,Not IC
O41199,C04625,LATAM,I350258,Mess kit #2,1,$681.86,10/28/2022,S70,Not IC
O41201,C01017,LATAM,I960500,Masonry oven #3,1,$150.44,7/28/2023,S70,Not IC
O41217,C01015,N. America,I880000,Communal oven #2,1,$208.30,9/28/2023,S10,Not IC
O41249,C01010,EMEA,I351001,Rice cooker #3,1,$240.01,1/31/2023,S52,Not IC
O41281,C04310,N. America,I512340,Slow cooker #1,8,$359.52,9/1/2023,S09,Not IC
O41281,C04310,N. America,I236617,Pancake machine #1,12,$230.67,9/1/2023,S09,Not IC
O41281,C04310,N. America,I512340,Slow cooker #1,4,$193.20,9/1/2023,S09,Not IC
O41361,C01000,LATAM,I962000,Microwave oven #2,1,$169.05,2/2/2023,S70,Not IC
O41437,C01672,LATAM,I303258,Hibachi #2,5,$143.36,9/3/2023,S45,Intercompany
O41453,C04939,EMEA,I293330,Chocolatera #2,1,$295.59,10/3/2023,S30,Intercompany
O41453,C04939,EMEA,I293258,Cheesemelter #1,1,$272.28,10/3/2023,S30,Intercompany
O41629,C01922,EMEA,I350258,Mess kit #2,1,$611.94,9/8/2022,S30,Intercompany
O41659,C03855,EMEA,I302258,Fire pot #3,3,$96.02,11/9/2022,S52,Not IC
O41685,C01339,EMEA,I291617,Wet grinder #2,6,$358.04,10/9/2023,S27,Intercompany
O41685,C01339,EMEA,I291258,Toaster and toaster ovens #1,2,$297.88,10/9/2023,S27,Intercompany
O41685,C01339,EMEA,I295258,Convection microwave #1,2,$163.15,10/9/2023,S27,Intercompany
O41685,C01339,EMEA,I295258,Convection microwave #1,2,$163.15,10/9/2023,S27,Intercompany
O41685,C01339,EMEA,I295258,Convection microwave #1,2,$147.03,10/9/2023,S27,Intercompany
O41685,C01339,EMEA,I291258,Toaster and toaster ovens #1,2,$144.30,10/9/2023,S27,Intercompany
O41685,C01339,EMEA,I295258,Convection microwave #1,4,$135.93,10/9/2023,S27,Intercompany
O41685,C01339,EMEA,I295258,Convection microwave #1,2,$132.87,10/9/2023,S27,Intercompany
O41685,C01339,EMEA,I295258,Convection microwave #1,2,$129.05,10/9/2023,S27,Intercompany
O41685,C01339,EMEA,I295258,Convection microwave #1,2,$128.30,10/9/2023,S27,Intercompany
O41719,C00958,APAC,I272000,Stove #3,1,$792.95,10/10/2023,S59,Intercompany
O41719,C00958,APAC,I272617,Tabun oven #1,6,$388.78,10/10/2023,S59,Intercompany
O41767,C01382,N. America,I350258,Mess kit #2,1,$776.07,12/11/2022,S05,Not IC
O41795,C01482,N. America,I201258,Fire pot #1,1,$451.60,11/11/2022,S05,Not IC
O41861,C06119,LATAM,I942341,Fire pot #2,1,$157.48,12/14/2022,S22,Not IC
O41901,C00849,EMEA,I350000,Kitchener range #3,1,$199.08,2/16/2023,S32,Intercompany
O41917,C00934,LATAM,I960000,Instant Pot #1,1,$159.40,12/16/2022,S45,Intercompany
O41947,C03525,LATAM,I512340,Slow cooker #1,1,$764.90,10/16/2023,S09,Not IC
O41947,C03525,LATAM,I512340,Slow cooker #1,2,$144.58,10/16/2023,S09,Not IC
O41979,C00923,EMEA,I293000,Butane torch #2,1,$363.16,12/17/2022,S77,Intercompany
O41979,C00923,EMEA,I293330,Chocolatera #2,1,$295.59,12/17/2022,S77,Intercompany
O41979,C00923,EMEA,I293330,Chocolatera #2,1,$170.01,12/17/2022,S77,Intercompany
O41979,C00923,EMEA,I293330,Chocolatera #2,1,$118.66,12/17/2022,S77,Intercompany
O41979,C00923,EMEA,I290258,Thermal immersion circulator #3,1,$79.31,12/17/2022,S77,Intercompany
O42021,C10387,EMEA,I961000,Mess kit #1,1,$216.15,9/18/2023,S38,Not IC
O42033,C03819,EMEA,I950617,Hot plate #3,2,$285.35,12/18/2022,S77,Intercompany
O42033,C03819,EMEA,I950617,Hot plate #3,2,$285.35,12/18/2022,S77,Intercompany
O42033,C03819,EMEA,I950617,Hot plate #3,2,$285.35,12/18/2022,S77,Intercompany
O42033,C03819,EMEA,I950617,Hot plate #3,1,$148.32,12/18/2022,S77,Intercompany
O42053,C02650,APAC,I201258,Fire pot #1,1,$322.50,8/18/2022,S59,Intercompany
O42063,C04479,LATAM,I136500,Corn roaster #1,1,$608.11,12/21/2022,S70,Not IC
O42065,C05845,EMEA,I920617,Corn roaster #2,3,$333.22,9/21/2023,S14,Not IC
O42065,C05845,EMEA,I300336,Earth oven #3,5,$234.99,9/21/2023,S14,Not IC
O42065,C05845,EMEA,I300336,Earth oven #3,5,$210.66,9/21/2023,S14,Not IC
O42067,C01009,LATAM,I810336,Chocolatera #1,1,$160.42,10/21/2023,S25,Intercompany
O42079,C01394,N. America,I303330,Hot box (appliance) #3,1,$134.47,2/21/2022,S05,Not IC
O42127,C01672,LATAM,I303258,Hibachi #2,3,$885.12,8/22/2023,S45,Intercompany
O42127,C01672,LATAM,I539336,Thermal immersion circulator #2,1,$427.05,8/22/2023,S45,Intercompany
O42127,C01672,LATAM,I136258,Communal oven #1,15,$191.47,8/22/2023,S45,Intercompany
O42129,C00906,LATAM,I350002,Masonry oven #1,1,$255.43,1/22/2023,S51,Not IC
O42149,C03574,EMEA,I201258,Fire pot #1,2,$620.44,12/22/2022,S77,Intercompany
O42151,C00901,N. America,I580000,Waffle iron #3,1,$113.93,10/22/2023,S09,Not IC
O42151,C00901,N. America,IP05256,Sandwich toaster #1,1,$107.99,10/22/2023,S09,Not IC
O42151,C00901,N. America,IP05256,Sandwich toaster #1,2,$103.90,10/22/2023,S09,Not IC
O42157,C07523,EMEA,I136258,Communal oven #1,2,$318.45,1/22/2023,S36,Not IC
O42157,C07523,EMEA,I136258,Communal oven #1,2,$170.55,1/22/2023,S36,Not IC
O42157,C07523,EMEA,I136258,Communal oven #1,2,$98.67,1/22/2023,S36,Not IC
O42183,C07208,N. America,I920617,Corn roaster #2,10,$251.04,12/23/2022,S05,Not IC
O42203,C08784,EMEA,I350258,Mess kit #2,1,$681.86,1/23/2023,S17,Not IC
O42203,C08784,EMEA,IFT4336,Rice cooker #2,1,$148.38,1/23/2023,S17,Not IC
O42233,C00888,N. America,I136258,Communal oven #1,2,$767.92,12/23/2022,S05,Not IC
O42243,C06734,N. America,I201258,Fire pot #1,2,$868.81,9/24/2022,S10,Not IC
O42291,C04625,LATAM,I350258,Mess kit #2,1,$681.86,9/25/2022,S70,Not IC
O42301,C00879,LATAM,I512500,Solar cooker #2,1,$209.68,8/25/2022,S32,Not IC
O42321,C04882,N. America,I512336,Self-cleaning oven #3,1,$535.99,12/25/2022,S09,Not IC
O42335,C00874,LATAM,I136258,Communal oven #1,10,$286.59,2/28/2023,S45,Intercompany
O42347,C10851,LATAM,IP02330,Salamander broiler #3,1,$973.83,11/28/2022,S29,Not IC
O42347,C10851,LATAM,IP02000,Rotisserie #1,1,$268.47,11/28/2022,S29,Not IC
O42347,C10851,LATAM,IP02258,Russian oven #2,1,$225.53,11/28/2022,S29,Not IC
O42353,C01081,N. America,I800336,Bachelor griller #3,1,$913.44,9/28/2023,S09,Not IC
O42421,C07026,EMEA,I512340,Slow cooker #1,2,$717.14,1/29/2023,S27,Intercompany
O42421,C07026,EMEA,I512340,Slow cooker #1,2,$693.67,1/29/2023,S27,Intercompany
O42421,C07026,EMEA,I511258,Rotimatic #1,2,$392.27,1/29/2023,S27,Intercompany
O42423,C00865,LATAM,IDIS460,Popcorn maker #1,1,$756.27,10/29/2023,S31,Not IC
O42423,C00865,LATAM,I350000,Kitchener range #3,1,$223.75,10/29/2023,S31,Not IC
O42423,C00865,LATAM,I850005,Combi steamer #1,1,$126.99,10/29/2023,S31,Not IC
O42431,C02751,EMEA,I512340,Slow cooker #1,3,$105.16,1/29/2023,S30,Intercompany
O42431,C02751,EMEA,I512340,Slow cooker #1,3,$101.72,1/29/2023,S30,Intercompany
O42445,C08193,N. America,I850005,Combi steamer #1,1,$765.35,11/29/2022,S06,Not IC
O42457,C00861,APAC,I134500,Chorkor oven #1,1,$550.36,8/30/2023,S59,Intercompany
O42461,C00860,APAC,I272000,Stove #3,1,$802.15,11/30/2022,S60,Not IC
O42547,C00850,EMEA,I950617,Hot plate #3,2,$285.35,8/31/2023,S32,Intercompany
O42565,C03085,N. America,I295538,Corn roaster #3,3,$455.21,8/31/2022,S10,Not IC
O42615,C07727,N. America,IFT4330,Reflector oven #1,1,$946.27,10/31/2023,S10,Not IC
O42615,C07727,N. America,IFT4330,Reflector oven #1,1,$154.70,10/31/2023,S10,Not IC
O42617,C00773,LATAM,I350336,Pancake machine #3,1,$525.71,3/3/2023,S32,Not IC
O42617,C00773,LATAM,I350330,Oven #2,1,$369.85,3/3/2023,S32,Not IC
O42617,C00773,LATAM,I350336,Pancake machine #3,1,$310.17,3/3/2023,S32,Not IC
O42617,C00773,LATAM,I350000,Kitchener range #3,1,$296.60,3/3/2023,S32,Not IC
O42617,C00773,LATAM,I350TRA,Reflector oven #2,1,$186.21,3/3/2023,S32,Not IC
O42621,C01672,LATAM,I201258,Fire pot #1,5,$147.35,2/1/2022,S45,Intercompany
O42627,C02650,APAC,I201258,Fire pot #1,1,$322.50,2/1/2023,S59,Intercompany
O42629,C02650,APAC,I134330,Chapati maker #1,1,$106.99,11/1/2022,S59,Intercompany
O42631,C04408,EMEA,IFT4616,Rotimatic #3,2,$110.78,12/1/2022,S60,Not IC
O42641,C04625,LATAM,I920617,Corn roaster #2,6,$641.07,10/1/2022,S70,Not IC
O42647,C00833,APAC,I293000,Butane torch #2,2,$577.92,2/1/2023,S59,Intercompany
O42695,C00828,APAC,I293000,Butane torch #2,1,$324.55,2/5/2023,S59,Intercompany
O42695,C00828,APAC,I293336,Chorkor oven #3,1,$158.10,2/5/2023,S59,Intercompany
O42695,C00828,APAC,I293617,Combi steamer #2,10,$156.22,2/5/2023,S59,Intercompany
O42695,C00828,APAC,I291617,Wet grinder #2,3,$99.53,2/5/2023,S59,Intercompany
O42699,C00826,LATAM,I350000,Kitchener range #3,1,$212.48,2/5/2023,S39,Not IC
O42705,C07709,LATAM,I950617,Hot plate #3,3,$466.23,10/5/2023,S63,Not IC
O42705,C07709,LATAM,I950617,Hot plate #3,3,$466.23,10/5/2023,S63,Not IC
O42705,C07709,LATAM,I950617,Hot plate #3,3,$466.23,10/5/2023,S63,Not IC
O42705,C07709,LATAM,I920160,Convection microwave #3,10,$367.18,10/5/2023,S63,Not IC
O42705,C07709,LATAM,I950617,Hot plate #3,2,$317.96,10/5/2023,S63,Not IC
O42705,C07709,LATAM,I950098,Griddle #2,1,$106.97,10/5/2023,S63,Not IC
O42715,C01672,LATAM,I136258,Communal oven #1,10,$106.07,1/5/2023,S45,Intercompany
O42729,C04663,LATAM,I512340,Slow cooker #1,1,$311.89,9/5/2023,S32,Not IC
O42753,C01264,N. America,I800256,Air fryer #2,1,$532.09,10/6/2023,S10,Not IC
O42753,C01264,N. America,I800600,Beehive oven #2,1,$508.50,10/6/2023,S10,Not IC
O42753,C01264,N. America,I800001,Wet grinder #1,1,$307.78,10/6/2023,S10,Not IC
O42753,C01264,N. America,I800256,Air fryer #2,1,$160.86,10/6/2023,S10,Not IC
O42753,C01264,N. America,I800600,Beehive oven #2,1,$92.96,10/6/2023,S10,Not IC
O42761,C00817,EMEA,I960000,Instant Pot #1,1,$159.40,2/6/2023,S30,Intercompany
O42765,C07909,N. America,I350000,Kitchener range #3,1,$221.52,12/6/2022,S09,Not IC
O42765,C07909,N. America,I350330,Oven #2,1,$193.99,12/6/2022,S09,Not IC
O42765,C07909,N. America,I350330,Oven #2,1,$163.70,12/6/2022,S09,Not IC
O42771,C06104,EMEA,I133258,Barbecue grill #3,1,$144.22,10/6/2022,S52,Not IC
O42815,C03254,LATAM,I920617,Corn roaster #2,10,$550.47,12/7/2022,S69,Not IC
O42829,C00806,EMEA,I293000,Butane torch #2,1,$302.62,9/7/2023,S52,Not IC
O42829,C00806,EMEA,I293330,Chocolatera #2,1,$217.99,9/7/2023,S52,Not IC
O42829,C00806,EMEA,I293330,Chocolatera #2,1,$211.34,9/7/2023,S52,Not IC
O42835,C00805,EMEA,I960000,Instant Pot #1,1,$170.12,3/7/2022,S52,Not IC
O42851,C07475,N. America,I350000,Kitchener range #3,1,$244.21,10/7/2023,S06,Not IC
O42851,C07475,N. America,I350330,Oven #2,1,$138.53,10/7/2023,S06,Not IC
O42851,C07475,N. America,I350330,Oven #2,1,$124.77,10/7/2023,S06,Not IC
O42885,C00802,APAC,I292000,Air fryer #3,1,$292.51,11/8/2022,S59,Intercompany
O42891,C00801,APAC,I350000,Kitchener range #3,1,$199.08,1/8/2023,S59,Intercompany
O42895,C01009,LATAM,I134500,Chorkor oven #1,1,$584.75,12/8/2022,S25,Intercompany
O42895,C01009,LATAM,I134500,Chorkor oven #1,1,$584.75,12/8/2022,S25,Intercompany
O42895,C01009,LATAM,I134208,Butane torch #3,1,$427.70,12/8/2022,S25,Intercompany
O42897,C01009,LATAM,I350258,Mess kit #2,1,$563.32,9/8/2023,S25,Intercompany
O42897,C01009,LATAM,I302336,Flattop grill #1,1,$285.78,9/8/2023,S25,Intercompany
O42897,C01009,LATAM,I202330,Hibachi #3,1,$225.53,9/8/2023,S25,Intercompany
O42897,C01009,LATAM,I303000,Halogen oven #1,1,$114.20,9/8/2023,S25,Intercompany
O42903,C00804,LATAM,I201258,Fire pot #1,1,$451.60,11/8/2022,S09,Not IC
O42905,C09227,LATAM,I350258,Mess kit #2,1,$681.86,11/8/2022,S36,Not IC
O42907,C01009,LATAM,I292330,Bachelor griller #1,1,$331.67,9/8/2023,S25,Intercompany
O42907,C01009,LATAM,I293000,Butane torch #2,1,$330.01,9/8/2023,S25,Intercompany
O42907,C01009,LATAM,I293336,Chorkor oven #3,1,$146.22,9/8/2023,S25,Intercompany
O42947,C07475,N. America,I810600,Chorkor oven #2,1,$991.37,10/11/2023,S06,Not IC
O42947,C07475,N. America,I810336,Chocolatera #1,1,$769.11,10/11/2023,S06,Not IC
O42947,C07475,N. America,I810330,Cheesemelter #3,1,$304.02,10/11/2023,S06,Not IC
O42947,C07475,N. America,I810001,Butane torch #1,1,$240.78,10/11/2023,S06,Not IC
O42947,C07475,N. America,I810336,Chocolatera #1,1,$192.76,10/11/2023,S06,Not IC
O42947,C07475,N. America,I810600,Chorkor oven #2,1,$157.51,10/11/2023,S06,Not IC
O42947,C07475,N. America,I810600,Chorkor oven #2,1,$157.51,10/11/2023,S06,Not IC
O42955,C01453,APAC,I246000,Russian oven #1,1,$367.54,10/11/2023,S60,Not IC
O42955,C01453,APAC,I293000,Butane torch #2,1,$268.97,10/11/2023,S60,Not IC
O42955,C01453,APAC,I246000,Russian oven #1,1,$148.55,10/11/2023,S60,Not IC
O42955,C01453,APAC,I293617,Combi steamer #2,2,$147.30,10/11/2023,S60,Not IC
O42957,C01348,EMEA,I510098,Rice polisher #1,1,$523.26,9/11/2023,S66,Not IC
O42957,C01348,EMEA,I512098,Russian oven #3,1,$311.46,9/11/2023,S66,Not IC
O42967,C01105,N. America,I293000,Butane torch #2,1,$280.59,10/11/2023,S09,Not IC
O42967,C01105,N. America,I350000,Kitchener range #3,1,$172.12,10/11/2023,S09,Not IC
O42967,C01105,N. America,I293330,Chocolatera #2,1,$169.14,10/11/2023,S09,Not IC
O42967,C01105,N. America,I293336,Chorkor oven #3,1,$150.77,10/11/2023,S09,Not IC
O42967,C01105,N. America,I293330,Chocolatera #2,1,$143.26,10/11/2023,S09,Not IC
O42967,C01105,N. America,I350330,Oven #2,1,$119.77,10/11/2023,S09,Not IC
O42967,C01105,N. America,I350330,Oven #2,1,$101.07,10/11/2023,S09,Not IC
O42969,C06656,N. America,I920617,Corn roaster #2,2,$285.59,11/11/2022,S09,Not IC
O42981,C00795,N. America,I303000,Halogen oven #1,8,$907.12,1/11/2023,S09,Not IC
O42981,C00795,N. America,I303460,Instant Pot #2,8,$760.02,1/11/2023,S09,Not IC
O42981,C00795,N. America,I302610,Griddle #3,12,$488.20,1/11/2023,S09,Not IC
O42981,C00795,N. America,I303258,Hibachi #2,8,$284.37,1/11/2023,S09,Not IC
O42983,C00794,N. America,I303000,Halogen oven #1,8,$907.12,10/11/2023,S04,Not IC
O42983,C00794,N. America,I303258,Hibachi #2,16,$601.89,10/11/2023,S04,Not IC
O42983,C00794,N. America,I302610,Griddle #3,18,$137.72,10/11/2023,S04,Not IC
O42995,C08157,N. America,I290258,Thermal immersion circulator #3,6,$403.23,9/12/2023,S10,Not IC
O42995,C08157,N. America,I205258,Instant Pot #3,1,$154.02,9/12/2023,S10,Not IC
O43003,C03897,EMEA,I300259,Deep fryer #2,6,$579.60,3/12/2023,S30,Intercompany
O43003,C03897,EMEA,I300610,Espresso machine #2,10,$543.35,3/12/2023,S30,Intercompany
O43003,C03897,EMEA,I302258,Fire pot #3,6,$300.80,3/12/2023,S30,Intercompany
O43003,C03897,EMEA,I290258,Thermal immersion circulator #3,2,$152.58,3/12/2023,S30,Intercompany
O43003,C03897,EMEA,I240259,Rice polisher #2,2,$84.94,3/12/2023,S30,Intercompany
O43015,C07033,EMEA,I512336,Self-cleaning oven #3,7,$692.85,11/12/2022,S27,Intercompany
O43021,C02259,N. America,I201258,Fire pot #1,2,$868.81,1/12/2023,S09,Not IC
O43043,C01439,N. America,I850005,Combi steamer #1,1,$454.50,12/12/2022,S06,Not IC
O43089,C02650,APAC,I201258,Fire pot #1,1,$322.50,3/13/2023,S59,Intercompany
O43091,C02650,APAC,I303258,Hibachi #2,8,$223.42,3/13/2022,S59,Intercompany
O43113,C04882,N. America,I512340,Slow cooker #1,2,$971.37,9/13/2023,S09,Not IC
O43131,C02255,LATAM,I201258,Fire pot #1,2,$156.10,2/14/2023,S45,Intercompany
O43131,C02255,LATAM,I290258,Thermal immersion circulator #3,2,$152.58,2/14/2023,S45,Intercompany
O43133,C03254,LATAM,I920617,Corn roaster #2,10,$550.47,11/14/2022,S69,Not IC
O43151,C06200,N. America,I303258,Hibachi #2,1,$439.37,11/14/2022,S09,Not IC
O43151,C06200,N. America,I302610,Griddle #3,5,$111.05,11/14/2022,S09,Not IC
O43189,C00770,N. America,I350000,Kitchener range #3,1,$203.26,9/14/2022,S10,Not IC
O43213,C00768,APAC,I202330,Hibachi #3,1,$796.36,1/15/2023,S59,Intercompany
O43213,C00768,APAC,I202330,Hibachi #3,1,$206.39,1/15/2023,S59,Intercompany
O43213,C00768,APAC,I202502,Hot plate #2,1,$195.17,1/15/2023,S59,Intercompany
O43213,C00768,APAC,I240610,Roasting jack #3,10,$195.06,1/15/2023,S59,Intercompany
O43219,C00766,APAC,I293000,Butane torch #2,1,$300.40,10/15/2023,S59,Intercompany
O43219,C00766,APAC,I293617,Combi steamer #2,15,$229.06,10/15/2023,S59,Intercompany
O43219,C00766,APAC,I293336,Chorkor oven #3,1,$158.10,10/15/2023,S59,Intercompany
O43219,C00766,APAC,I293168,Chapati maker #3,1,$78.63,10/15/2023,S59,Intercompany
O43221,C01988,LATAM,I136500,Corn roaster #1,1,$783.73,2/15/2023,S78,Not IC
O43221,C01988,LATAM,I136330,Convection microwave #2,1,$441.16,2/15/2023,S78,Not IC
O43221,C01988,LATAM,I136258,Communal oven #1,1,$317.61,2/15/2023,S78,Not IC
O43235,C04945,LATAM,I302610,Griddle #3,15,$479.51,12/15/2022,S67,Not IC
O43235,C04945,LATAM,I511258,Rotimatic #1,1,$227.19,12/15/2022,S67,Not IC
O43245,C01952,EMEA,I350336,Pancake machine #3,2,$625.37,9/15/2022,S77,Intercompany
O43325,C01672,LATAM,I136258,Communal oven #1,10,$130.58,1/19/2023,S45,Intercompany
O43329,C00758,EMEA,I350000,Kitchener range #3,1,$199.08,12/19/2022,S32,Intercompany
O43329,C00758,EMEA,I350330,Oven #2,1,$138.53,12/19/2022,S32,Intercompany
O43329,C00758,EMEA,I350330,Oven #2,1,$116.91,12/19/2022,S32,Intercompany
O43331,C00757,APAC,I293336,Chorkor oven #3,1,$139.84,12/19/2022,S60,Not IC
O43335,C00757,APAC,I293000,Butane torch #2,1,$255.33,10/19/2023,S60,Not IC
O43335,C00757,APAC,I293617,Combi steamer #2,3,$221.50,10/19/2023,S60,Not IC
O43341,C06104,EMEA,I303258,Hibachi #2,1,$349.61,9/19/2023,S52,Not IC
O43345,C04882,N. America,I512608,Sous-vide cooker #3,1,$269.65,3/19/2023,S09,Not IC
O43371,C03536,APAC,I293617,Combi steamer #2,7,$530.59,11/20/2022,S60,Not IC
O43371,C03536,APAC,I293000,Butane torch #2,1,$274.88,11/20/2022,S60,Not IC
O43383,C02010,EMEA,I512340,Slow cooker #1,2,$854.47,12/20/2022,S30,Intercompany
O43383,C02010,EMEA,I202336,Hot box (appliance) #1,2,$776.83,12/20/2022,S30,Intercompany
O43383,C02010,EMEA,I512340,Slow cooker #1,3,$151.39,12/20/2022,S30,Intercompany
O43383,C02010,EMEA,I512340,Slow cooker #1,2,$105.09,12/20/2022,S30,Intercompany
O43419,C00745,N. America,I350002,Masonry oven #1,1,$274.94,10/20/2023,S09,Not IC
O43419,C00745,N. America,I350330,Oven #2,1,$166.37,10/20/2023,S09,Not IC
O43419,C00745,N. America,I350330,Oven #2,1,$116.91,10/20/2023,S09,Not IC
O43449,C00738,APAC,I950617,Hot plate #3,3,$418.42,3/21/2023,S59,Intercompany
O43449,C00738,APAC,I960000,Instant Pot #1,1,$159.40,3/21/2023,S59,Intercompany
O43451,C00737,APAC,I293000,Butane torch #2,1,$300.40,11/21/2022,S59,Intercompany
O43487,C02650,APAC,I202259,Food steamer #3,7,$489.89,12/21/2022,S59,Intercompany
O43487,C02650,APAC,I350336,Pancake machine #3,1,$402.49,12/21/2022,S59,Intercompany
O43487,C02650,APAC,I240610,Roasting jack #3,7,$74.17,12/21/2022,S59,Intercompany
O43487,C02650,APAC,I240610,Roasting jack #3,7,$72.41,12/21/2022,S59,Intercompany
O43489,C02650,APAC,I136258,Communal oven #1,11,$142.87,12/21/2022,S59,Intercompany
O43491,C02650,APAC,I303258,Hibachi #2,1,$313.76,2/21/2022,S59,Intercompany
O43491,C02650,APAC,I202330,Hibachi #3,1,$123.92,2/21/2022,S59,Intercompany
O43495,C00733,LATAM,I293000,Butane torch #2,1,$454.47,9/21/2022,S20,Not IC
O43495,C00733,LATAM,I260258,Sous-vide cooker #1,3,$134.32,9/21/2022,S20,Not IC
O43495,C00733,LATAM,I293617,Combi steamer #2,9,$102.94,9/21/2022,S20,Not IC
O43505,C05760,N. America,I134500,Chorkor oven #1,1,$532.67,3/22/2023,S21,Not IC
O43505,C05760,N. America,I134340,Chocolatera #3,1,$397.63,3/22/2023,S21,Not IC
O43505,C05760,N. America,I134330,Chapati maker #1,1,$184.22,3/22/2023,S21,Not IC
O43505,C05760,N. America,I134330,Chapati maker #1,1,$149.81,3/22/2023,S21,Not IC
O43505,C05760,N. America,I134330,Chapati maker #1,1,$73.02,3/22/2023,S21,Not IC
O43513,C03254,LATAM,I134500,Chorkor oven #1,1,$350.95,10/22/2023,S69,Not IC
O43513,C03254,LATAM,I134500,Chorkor oven #1,1,$327.58,10/22/2023,S69,Not IC
O43513,C03254,LATAM,I134500,Chorkor oven #1,1,$280.51,10/22/2023,S69,Not IC
O43513,C03254,LATAM,I134500,Chorkor oven #1,1,$280.51,10/22/2023,S69,Not IC
O43513,C03254,LATAM,I134500,Chorkor oven #1,1,$221.00,10/22/2023,S69,Not IC
O43523,C01981,EMEA,I512340,Slow cooker #1,1,$444.14,9/22/2023,S30,Intercompany
O43525,C00827,EMEA,I293336,Chorkor oven #3,1,$591.02,10/22/2023,S30,Intercompany
O43525,C00827,EMEA,I293000,Butane torch #2,1,$363.16,10/22/2023,S30,Intercompany
O43525,C00827,EMEA,I202330,Hibachi #3,1,$212.45,10/22/2023,S30,Intercompany
O43533,C08886,EMEA,I350258,Mess kit #2,1,$611.94,10/22/2022,S77,Intercompany
O43541,C00726,EMEA,I135000,Clome oven #2,1,$550.36,1/22/2023,S77,Intercompany
O43553,C00724,EMEA,I295538,Corn roaster #3,1,$115.23,11/22/2022,S30,Intercompany
O43617,C00720,APAC,I293000,Butane torch #2,1,$227.85,11/25/2022,S60,Not IC
O43621,C00718,APAC,I293000,Butane torch #2,1,$300.40,3/25/2023,S59,Intercompany
O43623,C00717,APAC,I246000,Russian oven #1,1,$369.53,9/25/2023,S60,Not IC
O43623,C00717,APAC,I293000,Butane torch #2,1,$270.44,9/25/2023,S60,Not IC
O43623,C00717,APAC,I293330,Chocolatera #2,1,$246.34,9/25/2023,S60,Not IC
O43623,C00717,APAC,I246000,Russian oven #1,1,$150.53,9/25/2023,S60,Not IC
O43629,C00714,LATAM,I246000,Russian oven #1,1,$540.71,10/25/2023,S45,Not IC
O43629,C00714,LATAM,I246000,Russian oven #1,1,$234.31,10/25/2023,S45,Not IC
O43629,C00714,LATAM,I240610,Roasting jack #3,18,$215.35,10/25/2023,S45,Not IC
O43637,C07033,EMEA,I231336,Multicooker #2,2,$112.08,3/25/2023,S27,Intercompany
O43647,C06558,N. America,I303258,Hibachi #2,3,$123.95,9/25/2023,S09,Not IC
O43647,C06558,N. America,I239318,Pressure fryer #2,10,$121.13,9/25/2023,S09,Not IC
O43661,C00708,APAC,I134500,Chorkor oven #1,1,$457.98,10/26/2022,S59,Intercompany
O43673,C00705,APAC,I293617,Combi steamer #2,5,$346.49,2/26/2023,S60,Not IC
O43673,C00705,APAC,I293000,Butane torch #2,1,$266.43,2/26/2023,S60,Not IC
O43673,C00705,APAC,I292460,Bread machine #1,1,$138.10,2/26/2023,S60,Not IC
O43685,C00703,EMEA,I134500,Chorkor oven #1,1,$457.98,9/26/2023,S30,Intercompany
O43685,C00703,EMEA,I134208,Butane torch #3,1,$402.89,9/26/2023,S30,Intercompany
O43685,C00703,EMEA,I290258,Thermal immersion circulator #3,3,$149.68,9/26/2023,S30,Intercompany
O43685,C00703,EMEA,I134330,Chapati maker #1,1,$120.44,9/26/2023,S30,Intercompany
O43727,C00701,N. America,I134500,Chorkor oven #1,1,$488.80,10/26/2023,S21,Not IC
O43727,C00701,N. America,I133336,Beehive oven #1,1,$488.46,10/26/2023,S21,Not IC
O43727,C00701,N. America,I134330,Chapati maker #1,1,$342.73,10/26/2023,S21,Not IC
O43727,C00701,N. America,I134330,Chapati maker #1,1,$308.01,10/26/2023,S21,Not IC
O43727,C00701,N. America,I134330,Chapati maker #1,1,$118.17,10/26/2023,S21,Not IC
O43727,C00701,N. America,I134330,Chapati maker #1,1,$118.17,10/26/2023,S21,Not IC
O43737,C00715,N. America,IFT4346,Rice polisher #3,1,$701.89,3/26/2023,S09,Not IC
O43737,C00715,N. America,IFT4346,Rice polisher #3,1,$226.66,3/26/2023,S09,Not IC
O43737,C00715,N. America,IFT4256,Pressure fryer #3,1,$76.86,3/26/2023,S09,Not IC
O43743,C08189,N. America,I239336,Rice cooker #1,4,$390.89,10/26/2023,S09,Not IC
O43749,C00698,LATAM,I134500,Chorkor oven #1,1,$457.98,3/27/2023,S45,Intercompany
O43749,C00698,LATAM,I133336,Beehive oven #1,1,$348.82,3/27/2023,S45,Intercompany
O43753,C00697,APAC,I350258,Mess kit #2,1,$560.72,3/27/2023,S60,Not IC
O43753,C00697,APAC,I350000,Kitchener range #3,1,$223.78,3/27/2023,S60,Not IC
O43753,C00697,APAC,I350610,Pressure cooker #3,6,$166.21,3/27/2023,S60,Not IC
O43757,C00874,LATAM,I134500,Chorkor oven #1,1,$457.98,1/27/2023,S45,Intercompany
O43757,C00874,LATAM,I133336,Beehive oven #1,1,$348.82,1/27/2023,S45,Intercompany
O43759,C00696,APAC,I246000,Russian oven #1,1,$358.73,9/27/2023,S60,Not IC
O43759,C00696,APAC,I246460,Salamander broiler #2,2,$202.74,9/27/2023,S60,Not IC
O43759,C00696,APAC,I246000,Russian oven #1,1,$146.13,9/27/2023,S60,Not IC
O43759,C00696,APAC,I240610,Roasting jack #3,10,$82.02,9/27/2023,S60,Not IC
O43765,C00695,LATAM,I962000,Microwave oven #2,1,$212.51,3/27/2023,S45,Intercompany
O43765,C00695,LATAM,I950617,Hot plate #3,1,$148.32,3/27/2023,S45,Intercompany
O43765,C00695,LATAM,I950617,Hot plate #3,1,$148.32,3/27/2023,S45,Intercompany
O43769,C04521,APAC,I240610,Roasting jack #3,25,$844.36,2/27/2023,S60,Not IC
O43769,C04521,APAC,I246000,Russian oven #1,2,$808.34,2/27/2023,S60,Not IC
O43769,C04521,APAC,I246000,Russian oven #1,1,$174.90,2/27/2023,S60,Not IC
O43773,C00693,APAC,I134500,Chorkor oven #1,1,$457.98,10/27/2023,S59,Intercompany
O43775,C00691,APAC,I246000,Russian oven #1,1,$380.40,12/27/2022,S60,Not IC
O43775,C00691,APAC,I246000,Russian oven #1,1,$157.03,12/27/2022,S60,Not IC
O43775,C00691,APAC,I246460,Salamander broiler #2,1,$111.75,12/27/2022,S60,Not IC
O43785,C07208,N. America,I920617,Corn roaster #2,10,$251.04,3/27/2023,S05,Not IC
O43793,C00688,EMEA,I136500,Corn roaster #1,1,$734.31,10/27/2023,S27,Intercompany
O43793,C00688,EMEA,I136330,Convection microwave #2,1,$395.92,10/27/2023,S27,Intercompany
O43799,C00687,N. America,I202502,Hot plate #2,1,$124.76,11/27/2022,S09,Not IC
O43801,C00685,EMEA,I136348,Convection oven #3,1,$865.87,10/27/2023,S27,Intercompany
O43811,C00683,N. America,I134500,Chorkor oven #1,1,$550.36,3/27/2023,S21,Not IC
O43811,C00683,N. America,I133336,Beehive oven #1,1,$549.91,3/27/2023,S21,Not IC
O43823,C00680,N. America,I350000,Kitchener range #3,1,$310.37,9/27/2022,S05,Not IC
O43825,C00860,APAC,I246000,Russian oven #1,1,$400.62,10/28/2023,S60,Not IC
O43825,C00860,APAC,I246000,Russian oven #1,1,$163.19,10/28/2023,S60,Not IC
O43827,C00679,APAC,I960000,Instant Pot #1,1,$150.85,11/28/2022,S60,Not IC
O43827,C00679,APAC,I302610,Griddle #3,10,$144.30,11/28/2022,S60,Not IC
O43827,C00679,APAC,I303000,Halogen oven #1,1,$106.09,11/28/2022,S60,Not IC
O43831,C01560,APAC,I246000,Russian oven #1,2,$733.58,9/28/2023,S60,Not IC
O43831,C01560,APAC,I240610,Roasting jack #3,13,$398.24,9/28/2023,S60,Not IC
O43831,C01560,APAC,I246460,Salamander broiler #2,2,$215.50,9/28/2023,S60,Not IC
O43831,C01560,APAC,I246000,Russian oven #1,1,$155.34,9/28/2023,S60,Not IC
O43847,C08271,EMEA,I240610,Roasting jack #3,13,$516.23,9/28/2023,S38,Not IC
O43847,C08271,EMEA,I133258,Barbecue grill #3,1,$191.10,9/28/2023,S38,Not IC
O43847,C08271,EMEA,I350610,Pressure cooker #3,4,$169.95,9/28/2023,S38,Not IC
O43847,C08271,EMEA,I236617,Pancake machine #1,10,$154.54,9/28/2023,S38,Not IC
O43847,C08271,EMEA,I950336,Hibachi #1,6,$152.25,9/28/2023,S38,Not IC
O43873,C00668,LATAM,I239000,Popcorn maker #3,1,$744.94,3/28/2023,S65,Not IC
O43873,C00668,LATAM,I239330,Reflector oven #3,1,$169.79,3/28/2023,S65,Not IC
O43873,C00668,LATAM,I236617,Pancake machine #1,10,$154.54,3/28/2023,S65,Not IC
O43873,C00668,LATAM,I236617,Pancake machine #1,4,$111.59,3/28/2023,S65,Not IC
O43885,C00665,EMEA,I134330,Chapati maker #1,1,$106.99,1/28/2023,S32,Intercompany
O43889,C00664,EMEA,I920617,Corn roaster #2,2,$211.18,12/28/2022,S32,Intercompany
O43889,C00664,EMEA,I920617,Corn roaster #2,2,$203.95,12/28/2022,S32,Intercompany
O43889,C00664,EMEA,I920617,Corn roaster #2,1,$106.01,12/28/2022,S32,Intercompany
O43901,C01444,N. America,I350000,Kitchener range #3,1,$273.46,9/28/2023,S10,Not IC
O43901,C01444,N. America,I350330,Oven #2,1,$124.77,9/28/2023,S10,Not IC
O43927,C00612,N. America,I134500,Chorkor oven #1,1,$457.98,1/29/2023,S09,Not IC
O43927,C00612,N. America,I134330,Chapati maker #1,1,$118.17,1/29/2023,S09,Not IC
O43933,C00659,EMEA,I293000,Butane torch #2,1,$324.55,12/29/2022,S30,Intercompany
O43939,C00658,EMEA,I201258,Fire pot #1,3,$909.76,3/29/2023,S32,Intercompany
O43939,C00658,EMEA,I300259,Deep fryer #2,5,$487.95,3/29/2023,S32,Intercompany
O43939,C00658,EMEA,I240610,Roasting jack #3,10,$195.06,3/29/2023,S32,Intercompany
O43939,C00658,EMEA,I260258,Sous-vide cooker #1,5,$155.35,3/29/2023,S32,Intercompany
O43939,C00658,EMEA,I250256,Solar cooker #3,2,$90.24,3/29/2023,S32,Intercompany
O43947,C00656,EMEA,I136500,Corn roaster #1,1,$734.31,10/29/2023,S30,Intercompany
O43947,C00656,EMEA,I134500,Chorkor oven #1,1,$457.98,10/29/2023,S30,Intercompany
O43947,C00656,EMEA,I133336,Beehive oven #1,1,$348.82,10/29/2023,S30,Intercompany
O43947,C00656,EMEA,I303000,Halogen oven #1,1,$112.31,10/29/2023,S30,Intercompany
O43951,C04945,LATAM,I302336,Flattop grill #1,1,$299.96,1/29/2023,S67,Not IC
O43951,C04945,LATAM,I238617,Panini sandwich grill #2,14,$253.84,1/29/2023,S67,Not IC
O43951,C04945,LATAM,I236617,Pancake machine #1,5,$80.33,1/29/2023,S67,Not IC
O43959,C00654,LATAM,I134500,Chorkor oven #1,1,$428.40,10/29/2023,S09,Not IC
O43959,C00654,LATAM,I133336,Beehive oven #1,1,$274.75,10/29/2023,S09,Not IC
O43977,C06493,N. America,I350002,Masonry oven #1,1,$360.73,10/29/2023,S04,Not IC
O44009,C07896,N. America,IFT4330,Reflector oven #1,1,$946.27,1/29/2023,S21,Not IC
O44017,C00881,N. America,I134500,Chorkor oven #1,2,$833.88,3/2/2023,S21,Not IC
O44017,C00881,N. America,I134500,Chorkor oven #1,1,$550.11,3/2/2023,S21,Not IC
O44017,C00881,N. America,I133336,Beehive oven #1,1,$488.46,3/2/2023,S21,Not IC
O44047,C00644,N. America,I134500,Chorkor oven #1,1,$310.84,3/2/2022,S05,Not IC
O44047,C00644,N. America,I133336,Beehive oven #1,1,$236.75,3/2/2022,S05,Not IC
O44053,C07014,N. America,I810330,Cheesemelter #3,1,$129.97,4/2/2023,S05,Not IC
O44055,C07651,N. America,I302610,Griddle #3,10,$213.64,10/2/2023,S21,Not IC
O44065,C03254,LATAM,I303000,Halogen oven #1,1,$875.47,2/3/2023,S69,Not IC
O44073,C08796,N. America,I300258,Crepe maker #1,9,$439.29,2/3/2023,S05,Not IC
O44073,C08796,N. America,I302258,Fire pot #3,6,$421.23,2/3/2023,S05,Not IC
O44083,C05576,N. America,I350258,Mess kit #2,1,$85.79,4/3/2022,S06,Not IC
O44095,C07337,N. America,I134500,Chorkor oven #1,1,$457.98,4/3/2023,S05,Not IC
O44103,C01487,N. America,I950258,Halogen oven #3,11,$129.89,2/3/2022,S09,Not IC
O44109,C07380,N. America,I512340,Slow cooker #1,2,$971.37,1/3/2023,S21,Not IC
O44109,C07380,N. America,I512340,Slow cooker #1,1,$521.99,1/3/2023,S21,Not IC
O44117,C02715,EMEA,I512340,Slow cooker #1,4,$198.63,10/4/2023,S30,Intercompany
O44117,C02715,EMEA,I512328,Sandwich toaster #2,2,$87.31,10/4/2023,S30,Intercompany
O44133,C07033,EMEA,I512608,Sous-vide cooker #3,3,$543.22,4/4/2023,S27,Intercompany
O44133,C07033,EMEA,I512340,Slow cooker #1,1,$279.91,4/4/2023,S27,Intercompany
O44133,C07033,EMEA,I512340,Slow cooker #1,4,$133.45,4/4/2023,S27,Intercompany
O44133,C07033,EMEA,I512258,Salamander broiler #1,10,$90.70,4/4/2023,S27,Intercompany
O44135,C04547,EMEA,I350258,Mess kit #2,1,$329.88,4/4/2023,S30,Intercompany
O44137,C05591,N. America,I512340,Slow cooker #1,2,$971.37,2/4/2023,S09,Not IC
O44137,C05591,N. America,I511258,Rotimatic #1,3,$805.45,2/4/2023,S09,Not IC
O44145,C00637,N. America,I350000,Kitchener range #3,1,$261.25,4/4/2022,S10,Not IC
O44155,C06005,N. America,I236617,Pancake machine #1,10,$718.75,4/4/2022,S21,Not IC
O44173,C08655,N. America,I810001,Butane torch #1,1,$137.54,12/4/2022,S05,Not IC
O44181,C06326,EMEA,I135000,Clome oven #2,1,$333.35,12/5/2022,S25,Not IC
O44193,C07709,LATAM,I920617,Corn roaster #2,4,$437.19,10/5/2023,S63,Not IC
O44193,C07709,LATAM,I920617,Corn roaster #2,4,$437.19,10/5/2023,S63,Not IC
O44193,C07709,LATAM,I920617,Corn roaster #2,4,$437.19,10/5/2023,S63,Not IC
O44247,C07878,N. America,I290258,Thermal immersion circulator #3,1,$105.81,1/6/2023,S05,Not IC
O44255,C00622,EMEA,I134500,Chorkor oven #1,1,$457.98,10/6/2023,S32,Intercompany
O44255,C00622,EMEA,I133336,Beehive oven #1,1,$348.82,10/6/2023,S32,Intercompany
O44263,C01148,EMEA,I135000,Clome oven #2,1,$550.36,12/6/2022,S77,Intercompany
O44313,C06122,LATAM,I302336,Flattop grill #1,1,$109.87,1/9/2023,S74,Not IC
O44333,C02650,APAC,I350336,Pancake machine #3,1,$558.14,10/9/2023,S59,Intercompany
O44333,C02650,APAC,I350258,Mess kit #2,6,$361.87,10/9/2023,S59,Intercompany
O44333,C02650,APAC,I350610,Pressure cooker #3,12,$348.96,10/9/2023,S59,Intercompany
O44333,C02650,APAC,I350000,Kitchener range #3,1,$266.18,10/9/2023,S59,Intercompany
O44343,C02650,APAC,I303000,Halogen oven #1,5,$513.14,3/9/2023,S59,Intercompany
O44349,C02650,APAC,I942608,Flattop grill #3,1,$102.78,4/9/2023,S59,Intercompany
O44371,C04663,LATAM,I350258,Mess kit #2,1,$681.86,10/9/2023,S32,Not IC
O44371,C04663,LATAM,I350258,Mess kit #2,6,$488.56,10/9/2023,S32,Not IC
O44371,C04663,LATAM,I270608,Soy milk maker #2,1,$262.52,10/9/2023,S32,Not IC
O44371,C04663,LATAM,I302258,Fire pot #3,3,$218.21,10/9/2023,S32,Not IC
O44371,C04663,LATAM,I350610,Pressure cooker #3,6,$202.10,10/9/2023,S32,Not IC
O44371,C04663,LATAM,I350258,Mess kit #2,2,$173.19,10/9/2023,S32,Not IC
O44371,C04663,LATAM,I350610,Pressure cooker #3,3,$105.05,10/9/2023,S32,Not IC
O44371,C04663,LATAM,I302610,Griddle #3,6,$104.95,10/9/2023,S32,Not IC
O44385,C01672,LATAM,I350258,Mess kit #2,5,$279.93,2/10/2023,S45,Intercompany
O44429,C03913,EMEA,I134500,Chorkor oven #1,1,$513.51,2/11/2023,S52,Not IC
O44431,C03254,LATAM,I950258,Halogen oven #3,10,$143.10,3/11/2023,S69,Not IC
O44433,C08784,EMEA,I135000,Clome oven #2,1,$400.59,3/11/2022,S17,Not IC
O44445,C00606,EMEA,I303258,Hibachi #2,1,$313.76,10/11/2023,S32,Intercompany
O44445,C00606,EMEA,I302610,Griddle #3,6,$250.28,10/11/2023,S32,Intercompany
O44445,C00606,EMEA,I350258,Mess kit #2,4,$246.79,10/11/2023,S32,Intercompany
O44445,C00606,EMEA,I302610,Griddle #3,6,$115.40,10/11/2023,S32,Intercompany
O44447,C00605,LATAM,I300608,Electric cooker #1,2,$268.98,1/11/2023,S50,Not IC
O44451,C00604,EMEA,I135001,Combi steamer #3,1,$550.36,10/11/2022,S31,Intercompany
O44463,C08036,N. America,I512340,Slow cooker #1,1,$504.91,4/11/2022,S09,Not IC
O44471,C04882,N. America,I512340,Slow cooker #1,2,$100.42,1/12/2023,S09,Not IC
O44473,C01672,LATAM,I136258,Communal oven #1,13,$580.64,10/12/2023,S45,Intercompany
O44487,C00598,EMEA,I134336,Cheesemelter #2,5,$100.97,4/12/2023,S77,Intercompany
O44489,C00819,EMEA,I303258,Hibachi #2,1,$313.76,11/12/2022,S77,Intercompany
O44509,C00593,LATAM,I134500,Chorkor oven #1,1,$727.39,10/12/2022,S17,Not IC
O44515,C03254,LATAM,I250256,Solar cooker #3,10,$339.86,1/13/2023,S69,Not IC
O44515,C03254,LATAM,I930258,Electric cooker #3,15,$100.52,1/13/2023,S69,Not IC
O44517,C06799,LATAM,I135000,Clome oven #2,1,$333.35,11/13/2022,S51,Not IC
O44519,C00591,LATAM,I242500,Rotimatic #2,1,$287.87,1/13/2022,S33,Not IC
O44529,C09000,EMEA,I512340,Slow cooker #1,2,$717.14,10/13/2023,S32,Intercompany
O44529,C09000,EMEA,I512340,Slow cooker #1,1,$360.57,10/13/2023,S32,Intercompany
O44533,C01104,EMEA,I201258,Fire pot #1,1,$322.50,11/13/2022,S30,Intercompany
O44541,C04605,EMEA,I303336,Hot plate #1,1,$374.82,2/13/2023,S77,Intercompany
O44549,C00585,EMEA,I136500,Corn roaster #1,1,$783.73,10/13/2023,S36,Not IC
O44549,C00585,EMEA,I136258,Communal oven #1,1,$317.61,10/13/2023,S36,Not IC
O44551,C07523,EMEA,I135000,Clome oven #2,1,$400.59,10/13/2023,S36,Not IC
O44589,C05908,LATAM,I133336,Beehive oven #1,1,$437.57,10/16/2023,S57,Not IC
O44589,C05908,LATAM,I135001,Combi steamer #3,1,$333.35,10/16/2023,S57,Not IC
O44597,C03254,LATAM,I134336,Cheesemelter #2,1,$271.25,10/16/2023,S69,Not IC
O44597,C03254,LATAM,I202258,Flattop grill #2,1,$176.66,10/16/2023,S69,Not IC
O44601,C02524,N. America,I135001,Combi steamer #3,1,$550.11,10/16/2023,S09,Not IC
O44601,C02524,N. America,I133336,Beehive oven #1,1,$549.91,10/16/2023,S09,Not IC
O44601,C02524,N. America,I134330,Chapati maker #1,1,$168.66,10/16/2023,S09,Not IC
O44613,C03583,EMEA,I290258,Thermal immersion circulator #3,1,$79.31,11/16/2022,S30,Intercompany
O44619,C07523,EMEA,I303258,Hibachi #2,1,$349.61,4/16/2023,S36,Not IC
O44641,C08163,N. America,I295330,Convection oven #2,1,$560.30,1/16/2022,S09,Not IC
O44651,C00579,LATAM,I303258,Hibachi #2,1,$439.37,11/16/2022,S09,Not IC
O44673,C04040,EMEA,I512340,Slow cooker #1,3,$101.72,10/17/2023,S30,Intercompany
O44675,C03254,LATAM,I920617,Corn roaster #2,5,$286.13,12/17/2022,S69,Not IC
O44675,C03254,LATAM,I302610,Griddle #3,10,$187.76,12/17/2022,S69,Not IC
O44695,C07063,N. America,I302258,Fire pot #3,6,$232.16,10/18/2023,S21,Not IC
O44697,C07063,N. America,I302610,Griddle #3,13,$976.12,1/18/2023,S21,Not IC
O44699,C00575,LATAM,I303000,Halogen oven #1,1,$112.31,2/18/2023,S45,Intercompany
O44701,C02650,APAC,I302336,Flattop grill #1,2,$532.71,4/18/2023,S59,Intercompany
O44701,C02650,APAC,I302336,Flattop grill #1,2,$517.90,4/18/2023,S59,Intercompany
O44701,C02650,APAC,I302336,Flattop grill #1,2,$485.49,4/18/2023,S59,Intercompany
O44701,C02650,APAC,I303000,Halogen oven #1,2,$216.06,4/18/2023,S59,Intercompany
O44703,C02650,APAC,I201258,Fire pot #1,2,$620.44,11/18/2022,S59,Intercompany
O44709,C03254,LATAM,I922558,Deep fryer #1,1,$224.94,1/18/2023,S69,Not IC
O44711,C04625,LATAM,I136608,Crepe maker #2,1,$458.87,10/18/2023,S70,Not IC
O44711,C04625,LATAM,I133336,Beehive oven #1,1,$388.68,10/18/2023,S70,Not IC
O44713,C00581,EMEA,I350258,Mess kit #2,1,$681.86,10/18/2023,S60,Not IC
O44715,C02650,APAC,I201258,Fire pot #1,1,$322.50,4/18/2023,S59,Intercompany
O44729,C00571,EMEA,I260258,Sous-vide cooker #1,6,$184.53,4/18/2023,S32,Intercompany
O44729,C00571,EMEA,I300258,Crepe maker #1,2,$75.84,4/18/2023,S32,Intercompany
O44733,C02446,N. America,I920617,Corn roaster #2,1,$148.45,3/18/2023,S10,Not IC
O44733,C02446,N. America,I920617,Corn roaster #2,1,$148.45,3/18/2023,S10,Not IC
O44769,C03254,LATAM,I930258,Electric cooker #3,10,$176.66,10/19/2023,S69,Not IC
O44769,C03254,LATAM,I202336,Hot box (appliance) #1,1,$83.13,10/19/2023,S69,Not IC
O44771,C00567,EMEA,I303258,Hibachi #2,1,$313.76,1/19/2022,S32,Intercompany
O44775,C01672,LATAM,I201258,Fire pot #1,3,$909.76,11/19/2022,S45,Intercompany
O44789,C05782,N. America,I300259,Deep fryer #2,12,$140.76,12/19/2022,S10,Not IC
O44797,C04543,EMEA,I239000,Popcorn maker #3,1,$827.68,12/19/2022,S30,Intercompany
O44803,C02898,N. America,I302258,Fire pot #3,6,$272.89,10/19/2023,S06,Not IC
O44803,C02898,N. America,I302610,Griddle #3,12,$253.76,10/19/2023,S06,Not IC
O44837,C00558,EMEA,I135000,Clome oven #2,1,$550.36,10/20/2023,S32,Intercompany
O44837,C00558,EMEA,I133336,Beehive oven #1,1,$348.82,10/20/2023,S32,Intercompany
O44841,C06571,N. America,I539608,Turkey fryer #1,2,$428.77,10/20/2023,S21,Not IC
O44843,C04945,LATAM,I302258,Fire pot #3,3,$174.22,11/20/2022,S67,Not IC
O44843,C04945,LATAM,I302258,Fire pot #3,3,$112.86,11/20/2022,S67,Not IC
O44843,C04945,LATAM,I350610,Pressure cooker #3,3,$105.05,11/20/2022,S67,Not IC
O44843,C04945,LATAM,I302610,Griddle #3,6,$104.95,11/20/2022,S67,Not IC
O44843,C04945,LATAM,I290258,Thermal immersion circulator #3,1,$88.37,11/20/2022,S67,Not IC
O44853,C00555,EMEA,I135000,Clome oven #2,1,$457.98,3/20/2023,S32,Intercompany
O44853,C00555,EMEA,I133336,Beehive oven #1,1,$348.82,3/20/2023,S32,Intercompany
O44857,C00554,N. America,I512500,Solar cooker #2,1,$202.63,11/20/2022,S10,Not IC
O44869,C02141,EMEA,I302336,Flattop grill #1,1,$276.90,3/23/2023,S32,Intercompany
O44869,C02141,EMEA,I302336,Flattop grill #1,1,$269.20,3/23/2023,S32,Intercompany
O44869,C02141,EMEA,I303000,Halogen oven #1,1,$150.16,3/23/2023,S32,Intercompany
O44881,C00552,APAC,I512500,Solar cooker #2,1,$159.83,1/23/2023,S59,Intercompany
O44899,C00789,N. America,IFT4330,Reflector oven #1,1,$180.99,3/23/2022,S05,Not IC
O44929,C04198,EMEA,I293330,Chocolatera #2,1,$295.59,2/23/2023,S30,Intercompany
O44967,C00544,LATAM,I350610,Pressure cooker #3,10,$565.19,10/24/2023,S45,Intercompany
O44967,C00544,LATAM,I350260,Microwave oven #3,1,$430.77,10/24/2023,S45,Intercompany
O44967,C00544,LATAM,I350000,Kitchener range #3,1,$256.21,10/24/2023,S45,Intercompany
O44967,C00544,LATAM,I350330,Oven #2,1,$138.53,10/24/2023,S45,Intercompany
O44971,C00585,EMEA,I303000,Halogen oven #1,1,$160.26,3/24/2023,S36,Not IC
O44983,C00543,EMEA,I136500,Corn roaster #1,1,$734.31,1/24/2023,S32,Intercompany
O44995,C00541,EMEA,I950617,Hot plate #3,2,$285.35,11/24/2022,S30,Intercompany
O45009,C05724,N. America,I242500,Rotimatic #2,1,$307.25,2/24/2022,S04,Not IC
O45015,C06119,LATAM,IFT4356,Roasting jack #1,1,$278.16,11/24/2022,S22,Not IC
O45023,C06162,LATAM,I302610,Griddle #3,10,$169.98,12/25/2022,S33,Not IC
O45033,C00537,N. America,I205330,Kitchener range #1,1,$917.56,1/25/2023,S09,Not IC
O45033,C00537,N. America,I202330,Hibachi #3,1,$220.28,1/25/2023,S09,Not IC
O45043,C05853,N. America,I520328,Stove #2,2,$140.61,11/25/2022,S09,Not IC
O45053,C00534,N. America,IFT4330,Reflector oven #1,1,$736.61,4/25/2023,S06,Not IC
O45053,C00534,N. America,IFT4330,Reflector oven #1,1,$282.40,4/25/2023,S06,Not IC
O45053,C00534,N. America,IFT4256,Pressure fryer #3,1,$265.06,4/25/2023,S06,Not IC
O45053,C00534,N. America,IFT4330,Reflector oven #1,1,$199.92,4/25/2023,S06,Not IC
O45053,C00534,N. America,IFT4330,Reflector oven #1,1,$189.04,4/25/2023,S06,Not IC
O45053,C00534,N. America,IFT4000,Pressure cooker #2,1,$110.92,4/25/2023,S06,Not IC
O45053,C00534,N. America,IFT4460,Rocket mass heater #2,1,$109.36,4/25/2023,S06,Not IC
O45057,C03763,N. America,IFT4346,Rice polisher #3,2,$102.09,12/25/2022,S21,Not IC
O45063,C01672,LATAM,I136608,Crepe maker #2,1,$411.81,12/26/2022,S45,Intercompany
O45063,C01672,LATAM,I136258,Communal oven #1,1,$115.89,12/26/2022,S45,Intercompany
O45065,C06836,EMEA,I135000,Clome oven #2,1,$400.62,11/26/2022,S60,Not IC
O45065,C06836,EMEA,I133336,Beehive oven #1,1,$296.24,11/26/2022,S60,Not IC
O45069,C06836,EMEA,I134500,Chorkor oven #1,1,$575.07,10/26/2022,S60,Not IC
O45069,C06836,EMEA,I133336,Beehive oven #1,1,$348.82,10/26/2022,S60,Not IC
O45071,C06836,EMEA,I350000,Kitchener range #3,1,$212.48,3/26/2023,S60,Not IC
O45071,C06836,EMEA,I350330,Oven #2,1,$154.36,3/26/2023,S60,Not IC
O45071,C06836,EMEA,I350330,Oven #2,1,$130.26,3/26/2023,S60,Not IC
O45083,C00531,LATAM,I512500,Solar cooker #2,1,$154.44,1/26/2022,S22,Not IC
O45093,C02751,EMEA,I950336,Hibachi #1,3,$710.22,1/26/2023,S30,Intercompany
O45097,C03738,EMEA,I302336,Flattop grill #1,1,$276.90,10/26/2023,S77,Intercompany
O45097,C03738,EMEA,I303330,Hot box (appliance) #3,1,$255.57,10/26/2023,S77,Intercompany
O45097,C03738,EMEA,I302336,Flattop grill #1,1,$252.35,10/26/2023,S77,Intercompany
O45097,C03738,EMEA,I303000,Halogen oven #1,1,$112.31,10/26/2023,S77,Intercompany
O45105,C00529,N. America,I350258,Mess kit #2,4,$83.46,2/26/2023,S21,Not IC
O45115,C07523,EMEA,I303258,Hibachi #2,1,$349.61,2/26/2023,S36,Not IC
O45127,C00528,APAC,I293000,Butane torch #2,1,$300.40,4/27/2023,S59,Intercompany
O45127,C00528,APAC,I293330,Chocolatera #2,1,$295.59,4/27/2023,S59,Intercompany
O45127,C00528,APAC,I293617,Combi steamer #2,3,$260.59,4/27/2023,S59,Intercompany
O45127,C00528,APAC,I240610,Roasting jack #3,10,$101.39,4/27/2023,S59,Intercompany
O45131,C03254,LATAM,I134336,Cheesemelter #2,2,$521.84,12/27/2022,S69,Not IC
O45133,C07356,N. America,I302336,Flattop grill #1,1,$387.74,12/27/2022,S09,Not IC
O45135,C00500,APAC,I350610,Pressure cooker #3,15,$761.64,10/27/2023,S60,Not IC
O45135,C00500,APAC,I136500,Corn roaster #1,1,$674.85,10/27/2023,S60,Not IC
O45135,C00500,APAC,I135000,Clome oven #2,1,$420.89,10/27/2023,S60,Not IC
O45135,C00500,APAC,I136330,Convection microwave #2,1,$363.86,10/27/2023,S60,Not IC
O45135,C00500,APAC,I133336,Beehive oven #1,1,$320.57,10/27/2023,S60,Not IC
O45135,C00500,APAC,I136258,Communal oven #1,1,$311.60,10/27/2023,S60,Not IC
O45135,C00500,APAC,I136258,Communal oven #1,1,$261.96,10/27/2023,S60,Not IC
O45135,C00500,APAC,I136258,Communal oven #1,1,$252.86,10/27/2023,S60,Not IC
O45135,C00500,APAC,I136258,Communal oven #1,1,$238.08,10/27/2023,S60,Not IC
O45135,C00500,APAC,I350000,Kitchener range #3,1,$224.45,10/27/2023,S60,Not IC
O45135,C00500,APAC,I350258,Mess kit #2,2,$142.84,10/27/2023,S60,Not IC
O45135,C00500,APAC,I350330,Oven #2,1,$127.32,10/27/2023,S60,Not IC
O45137,C00500,APAC,I350610,Pressure cooker #3,15,$750.52,4/27/2023,S60,Not IC
O45137,C00500,APAC,I350000,Kitchener range #3,1,$221.16,4/27/2023,S60,Not IC
O45137,C00500,APAC,I350258,Mess kit #2,2,$140.75,4/27/2023,S60,Not IC
O45137,C00500,APAC,I950617,Hot plate #3,1,$134.32,4/27/2023,S60,Not IC
O45137,C00500,APAC,I350330,Oven #2,1,$125.46,4/27/2023,S60,Not IC
O45137,C00500,APAC,I350330,Oven #2,1,$105.87,4/27/2023,S60,Not IC
O45139,C04625,LATAM,I920617,Corn roaster #2,4,$437.19,10/27/2023,S70,Not IC
O45139,C04625,LATAM,I350258,Mess kit #2,5,$339.48,10/27/2023,S70,Not IC
O45139,C04625,LATAM,I950617,Hot plate #3,1,$165.27,10/27/2023,S70,Not IC
O45139,C04625,LATAM,I920617,Corn roaster #2,1,$118.12,10/27/2023,S70,Not IC
O45187,C03254,LATAM,I303000,Halogen oven #1,1,$644.68,3/30/2022,S69,Not IC
O45201,C00518,LATAM,I580000,Waffle iron #3,1,$100.44,4/30/2023,S22,Not IC
O45207,C05635,N. America,I950336,Hibachi #1,2,$678.25,3/30/2023,S09,Not IC
O45207,C05635,N. America,I302336,Flattop grill #1,3,$389.50,3/30/2023,S09,Not IC
O45213,C00516,N. America,I134500,Chorkor oven #1,1,$448.90,4/30/2023,S05,Not IC
O45213,C00516,N. America,I133336,Beehive oven #1,1,$395.69,4/30/2023,S05,Not IC
O45213,C00516,N. America,I134330,Chapati maker #1,1,$95.73,4/30/2023,S05,Not IC
O45227,C00973,EMEA,IP05326,Self-cleaning oven #2,8,$240.07,4/30/2023,S31,Intercompany
O45235,C02963,N. America,I302258,Fire pot #3,9,$400.14,3/31/2023,S09,Not IC
O45235,C02963,N. America,I302610,Griddle #3,10,$213.64,3/31/2023,S09,Not IC
O45241,C04605,EMEA,I170333,Electric cooker #2,12,$323.17,3/3/2023,S77,Intercompany
O45243,C03254,LATAM,I920617,Corn roaster #2,10,$550.47,3/31/2023,S69,Not IC
O45245,C00512,LATAM,I293336,Chorkor oven #3,1,$658.55,10/31/2023,S29,Not IC
O45245,C00512,LATAM,I293000,Butane torch #2,1,$387.60,10/31/2023,S29,Not IC
O45245,C00512,LATAM,I293330,Chocolatera #2,1,$329.36,10/31/2023,S29,Not IC
O45245,C00512,LATAM,I293258,Cheesemelter #1,1,$303.39,10/31/2023,S29,Not IC
O45245,C00512,LATAM,I293330,Chocolatera #2,1,$237.85,10/31/2023,S29,Not IC
O45245,C00512,LATAM,I293330,Chocolatera #2,1,$132.22,10/31/2023,S29,Not IC
O45245,C00512,LATAM,I293617,Combi steamer #2,1,$102.93,10/31/2023,S29,Not IC
O45245,C00512,LATAM,I293330,Chocolatera #2,1,$102.63,10/31/2023,S29,Not IC
O45245,C00512,LATAM,I293330,Chocolatera #2,1,$102.63,10/31/2023,S29,Not IC
O45245,C00512,LATAM,I293258,Cheesemelter #1,1,$77.74,10/31/2023,S29,Not IC
O45249,C00511,APAC,I950617,Hot plate #3,2,$269.35,10/31/2023,S60,Not IC
O45249,C00511,APAC,I961000,Mess kit #1,1,$191.17,10/31/2023,S60,Not IC
O45249,C00511,APAC,I950617,Hot plate #3,1,$140.01,10/31/2023,S60,Not IC
O45251,C06098,LATAM,I920160,Convection microwave #3,12,$436.15,1/31/2023,S39,Not IC
O45251,C06098,LATAM,I236617,Pancake machine #1,6,$95.41,1/31/2023,S39,Not IC
O45255,C00509,EMEA,I135000,Clome oven #2,1,$457.98,3/31/2023,S30,Intercompany
O45263,C00508,EMEA,I135001,Combi steamer #3,1,$457.98,5/1/2023,S32,Intercompany
O45263,C00508,EMEA,I133336,Beehive oven #1,1,$392.70,5/1/2023,S32,Intercompany
O45265,C00673,EMEA,I135001,Combi steamer #3,1,$457.98,3/3/2023,S32,Intercompany
O45265,C00673,EMEA,I133336,Beehive oven #1,1,$392.70,3/3/2023,S32,Intercompany
O45267,C01148,EMEA,I248336,Self-cleaning oven #1,2,$890.99,10/31/2023,S77,Intercompany
O45267,C01148,EMEA,I242336,Rocket mass heater #1,2,$621.56,10/31/2023,S77,Intercompany
O45267,C01148,EMEA,I302336,Flattop grill #1,6,$535.13,10/31/2023,S77,Intercompany
O45267,C01148,EMEA,I512336,Self-cleaning oven #3,2,$212.34,10/31/2023,S77,Intercompany
O45267,C01148,EMEA,I239336,Rice cooker #1,6,$172.51,10/31/2023,S77,Intercompany
O45267,C01148,EMEA,I350336,Pancake machine #3,6,$169.56,10/31/2023,S77,Intercompany
O45267,C01148,EMEA,I134336,Cheesemelter #2,6,$129.20,10/31/2023,S77,Intercompany
O45275,C04766,EMEA,I350340,Panini sandwich grill #1,1,$100.66,1/31/2022,S30,Intercompany
O45279,C06682,N. America,I950348,Hot box (appliance) #2,1,$114.78,5/1/2022,S05,Not IC
O45283,C00507,N. America,I302336,Flattop grill #1,1,$387.74,12/31/2022,S21,Not IC
O45287,C07380,N. America,I511772,Rotisserie #2,1,$721.69,10/31/2023,S21,Not IC
O45287,C07380,N. America,I511258,Rotimatic #1,1,$285.52,10/31/2023,S21,Not IC
O45295,C03007,N. America,I810600,Chorkor oven #2,1,$186.06,5/1/2023,S09,Not IC
O45295,C03007,N. America,I810600,Chorkor oven #2,1,$170.79,5/1/2023,S09,Not IC
O45299,C00505,LATAM,I800001,Wet grinder #1,1,$380.41,5/1/2022,S09,Not IC
O45305,C05588,N. America,I950617,Hot plate #3,1,$165.27,3/1/2023,S14,Not IC
O45305,C05588,N. America,I950617,Hot plate #3,1,$165.27,3/1/2023,S14,Not IC
O45305,C05588,N. America,I291617,Wet grinder #2,2,$141.42,3/1/2023,S14,Not IC
O45305,C05588,N. America,I236617,Pancake machine #1,5,$80.33,3/1/2023,S14,Not IC
O45307,C05588,N. America,I950617,Hot plate #3,1,$165.27,4/1/2023,S14,Not IC
O45307,C05588,N. America,I950617,Hot plate #3,1,$165.27,4/1/2023,S14,Not IC
O45307,C05588,N. America,I291617,Wet grinder #2,2,$141.42,4/1/2023,S14,Not IC
O45307,C05588,N. America,I236617,Pancake machine #1,5,$80.33,4/1/2023,S14,Not IC
O45309,C05588,N. America,I291617,Wet grinder #2,3,$207.36,2/1/2023,S14,Not IC
O45309,C05588,N. America,I950617,Hot plate #3,1,$165.27,2/1/2023,S14,Not IC
O45309,C05588,N. America,I950617,Hot plate #3,1,$165.27,2/1/2023,S14,Not IC
O45309,C05588,N. America,I236617,Pancake machine #1,5,$80.33,2/1/2023,S14,Not IC
O45315,C09227,LATAM,I920617,Corn roaster #2,2,$227.25,4/1/2023,S36,Not IC
O45315,C09227,LATAM,I133258,Barbecue grill #3,1,$144.22,4/1/2023,S36,Not IC
O45315,C09227,LATAM,I920160,Convection microwave #3,2,$80.36,4/1/2023,S36,Not IC
O45325,C02723,N. America,I800600,Beehive oven #2,1,$112.27,3/1/2022,S21,Not IC
O45327,C00501,EMEA,I920617,Corn roaster #2,2,$203.95,11/1/2022,S77,Intercompany
O45327,C00501,EMEA,I920617,Corn roaster #2,1,$109.77,11/1/2022,S77,Intercompany
O45339,C00961,N. America,I920160,Convection microwave #3,2,$101.00,5/1/2023,S06,Not IC
O45343,C07909,N. America,I300258,Crepe maker #1,6,$425.16,2/1/2023,S09,Not IC
O45343,C07909,N. America,I300258,Crepe maker #1,6,$299.58,2/1/2023,S09,Not IC
O45349,C05591,N. America,I511258,Rotimatic #1,3,$805.45,1/1/2022,S09,Not IC
O45359,C06119,LATAM,I920556,Convection oven #1,1,$847.62,2/2/2023,S22,Not IC
O45359,C06119,LATAM,I950336,Hibachi #1,2,$539.70,2/2/2023,S22,Not IC
O45361,C06119,LATAM,I920160,Convection microwave #3,10,$367.18,4/2/2023,S22,Not IC
O45361,C06119,LATAM,I950336,Hibachi #1,1,$280.53,4/2/2023,S22,Not IC
O45361,C06119,LATAM,I920617,Corn roaster #2,14,$274.44,4/2/2023,S22,Not IC
O45361,C06119,LATAM,I930258,Electric cooker #3,10,$272.16,4/2/2023,S22,Not IC
O45361,C06119,LATAM,I512328,Sandwich toaster #2,4,$260.41,4/2/2023,S22,Not IC
O45361,C06119,LATAM,I302340,Food steamer #2,1,$243.53,4/2/2023,S22,Not IC
O45361,C06119,LATAM,I922258,Crepe maker #3,12,$126.84,4/2/2023,S22,Not IC
O45363,C01560,APAC,I350000,Kitchener range #3,1,$217.40,2/2/2023,S60,Not IC
O45363,C01560,APAC,I350610,Pressure cooker #3,5,$129.57,2/2/2023,S60,Not IC
O45363,C01560,APAC,I350330,Oven #2,1,$117.54,2/2/2023,S60,Not IC
O45365,C01560,APAC,I293000,Butane torch #2,1,$253.37,1/2/2023,S60,Not IC
O45365,C01560,APAC,I293330,Chocolatera #2,1,$249.32,1/2/2023,S60,Not IC
O45387,C09010,EMEA,I350258,Mess kit #2,3,$188.10,1/2/2022,S32,Intercompany
O45389,C07917,N. America,I511258,Rotimatic #1,1,$285.52,1/2/2023,S09,Not IC
O45399,C00495,LATAM,I133336,Beehive oven #1,1,$549.91,4/2/2022,S09,Not IC
O45405,C08737,N. America,I350336,Pancake machine #3,1,$82.50,3/2/2022,S05,Not IC
O45407,C02723,N. America,I800600,Beehive oven #2,1,$112.27,11/2/2022,S21,Not IC
O45413,C05908,LATAM,I205336,Masonry oven #2,1,$506.88,4/3/2023,S57,Not IC
O45413,C05908,LATAM,I302336,Flattop grill #1,5,$501.99,4/3/2023,S57,Not IC
O45417,C00921,LATAM,I950617,Hot plate #3,4,$768.75,3/3/2023,S45,Not IC
O45417,C00921,LATAM,I950617,Hot plate #3,4,$768.75,3/3/2023,S45,Not IC
O45417,C00921,LATAM,I962000,Microwave oven #2,1,$297.58,3/3/2023,S45,Not IC
O45417,C00921,LATAM,I920160,Convection microwave #3,2,$101.00,3/3/2023,S45,Not IC
O45421,C03775,EMEA,I512340,Slow cooker #1,1,$372.76,5/3/2023,S32,Intercompany
O45421,C03775,EMEA,I512340,Slow cooker #1,1,$360.57,5/3/2023,S32,Intercompany
O45421,C03775,EMEA,I512626,Soy milk maker #1,1,$237.78,5/3/2023,S32,Intercompany
O45421,C03775,EMEA,I511258,Rotimatic #1,1,$203.90,5/3/2023,S32,Intercompany
O45425,C00492,EMEA,I134330,Chapati maker #1,1,$106.99,1/3/2022,S32,Intercompany
O45427,C05623,N. America,I511258,Rotimatic #1,1,$285.52,2/3/2023,S09,Not IC
O45427,C05623,N. America,I302258,Fire pot #3,6,$232.16,2/3/2023,S09,Not IC
O45427,C05623,N. America,I302610,Griddle #3,10,$213.64,2/3/2023,S09,Not IC
O45429,C05845,EMEA,I136258,Communal oven #1,1,$165.53,4/3/2023,S14,Not IC
O45431,C03130,N. America,I512340,Slow cooker #1,2,$971.37,5/3/2023,S05,Not IC
O45431,C03130,N. America,I511258,Rotimatic #1,2,$549.30,5/3/2023,S05,Not IC
O45431,C03130,N. America,I512340,Slow cooker #1,2,$100.42,5/3/2023,S05,Not IC
O45435,C04683,LATAM,I520328,Stove #2,3,$164.06,5/3/2023,S78,Not IC
O45435,C04683,LATAM,I230610,Mess kit #3,5,$85.91,5/3/2023,S78,Not IC
O45435,C04683,LATAM,I236617,Pancake machine #1,5,$80.33,5/3/2023,S78,Not IC
O45445,C00485,LATAM,I510098,Rice polisher #1,1,$588.35,4/3/2023,S72,Not IC
O45445,C00485,LATAM,I512340,Slow cooker #1,1,$556.45,4/3/2023,S72,Not IC
O45445,C00485,LATAM,I512340,Slow cooker #1,1,$467.02,4/3/2023,S72,Not IC
O45445,C00485,LATAM,I512340,Slow cooker #1,1,$451.73,4/3/2023,S72,Not IC
O45445,C00485,LATAM,I512340,Slow cooker #1,1,$372.99,4/3/2023,S72,Not IC
O45445,C00485,LATAM,I510098,Rice polisher #1,1,$367.39,4/3/2023,S72,Not IC
O45445,C00485,LATAM,I512098,Russian oven #3,1,$350.21,4/3/2023,S72,Not IC
O45445,C00485,LATAM,I512626,Soy milk maker #1,1,$297.90,4/3/2023,S72,Not IC
O45445,C00485,LATAM,I511258,Rotimatic #1,1,$255.45,4/3/2023,S72,Not IC
O45445,C00485,LATAM,I510258,Roasting jack #2,1,$100.87,4/3/2023,S72,Not IC
O45471,C00482,N. America,I134500,Chorkor oven #1,1,$495.50,4/6/2023,S05,Not IC
O45471,C00482,N. America,I133336,Beehive oven #1,1,$377.40,4/6/2023,S05,Not IC
O45471,C00482,N. America,I134330,Chapati maker #1,1,$91.30,4/6/2023,S05,Not IC
O45473,C06119,LATAM,I302336,Flattop grill #1,5,$501.99,2/6/2023,S22,Not IC
O45473,C06119,LATAM,I512336,Self-cleaning oven #3,2,$401.65,2/6/2023,S22,Not IC
O45473,C06119,LATAM,I231336,Multicooker #2,4,$123.92,2/6/2023,S22,Not IC
O45473,C06119,LATAM,I239336,Rice cooker #1,3,$99.92,2/6/2023,S22,Not IC
O45475,C03254,LATAM,I230610,Mess kit #3,10,$187.76,5/6/2022,S69,Not IC
O45479,C03005,LATAM,I950617,Hot plate #3,1,$207.70,4/6/2023,S29,Not IC
O45479,C03005,LATAM,I950617,Hot plate #3,1,$207.70,4/6/2023,S29,Not IC
O45479,C03005,LATAM,I950617,Hot plate #3,1,$207.70,4/6/2023,S29,Not IC
O45485,C07709,LATAM,I950348,Hot box (appliance) #2,1,$913.33,11/6/2022,S63,Not IC
O45487,C07045,N. America,I950258,Halogen oven #3,2,$110.75,5/6/2023,S05,Not IC
O45493,C00478,EMEA,I950617,Hot plate #3,1,$148.32,3/6/2023,S31,Intercompany
O45495,C06119,LATAM,I950336,Hibachi #1,5,$128.18,3/6/2023,S22,Not IC
O45497,C07002,N. America,I302610,Griddle #3,6,$131.90,2/6/2022,S05,Not IC
O45499,C06049,N. America,I920160,Convection microwave #3,8,$373.81,12/6/2022,S04,Not IC
O45503,C02151,LATAM,I236617,Pancake machine #1,5,$100.94,2/6/2023,S09,Not IC
O45505,C06677,N. America,I242500,Rotimatic #2,1,$326.55,11/6/2022,S09,Not IC
O45519,C02560,EMEA,I302610,Griddle #3,10,$152.57,2/7/2022,S31,Intercompany
O45521,C02681,EMEA,I302610,Griddle #3,15,$274.08,2/7/2023,S31,Intercompany
O45523,C00475,EMEA,I300610,Espresso machine #2,4,$118.92,3/7/2023,S27,Intercompany
O45529,C00474,EMEA,I136500,Corn roaster #1,1,$734.31,1/7/2023,S52,Not IC
O45529,C00474,EMEA,I136330,Convection microwave #2,1,$414.58,1/7/2023,S52,Not IC
O45533,C05762,N. America,I950258,Halogen oven #3,6,$229.43,1/7/2022,S06,Not IC
O45535,C00473,N. America,IFT4330,Reflector oven #1,1,$282.40,12/7/2022,S05,Not IC
O45539,C04951,LATAM,I302610,Griddle #3,15,$602.67,3/7/2022,S20,Not IC
O45541,C02650,APAC,I303258,Hibachi #2,2,$603.63,3/7/2023,S59,Intercompany
O45541,C02650,APAC,I201258,Fire pot #1,1,$322.50,3/7/2023,S59,Intercompany
O45541,C02650,APAC,I136258,Communal oven #1,11,$313.57,3/7/2023,S59,Intercompany
O45541,C02650,APAC,I930258,Electric cooker #3,2,$204.04,3/7/2023,S59,Intercompany
O45547,C05677,N. America,I302610,Griddle #3,3,$84.00,2/7/2022,S06,Not IC
O45549,C08905,N. America,I350340,Panini sandwich grill #1,1,$375.41,4/7/2022,S05,Not IC
O45551,C08286,N. America,I303000,Halogen oven #1,1,$149.51,3/8/2023,S09,Not IC
O45555,C05829,LATAM,I920617,Corn roaster #2,2,$235.31,5/8/2023,S29,Not IC
O45555,C05829,LATAM,I920617,Corn roaster #2,2,$229.90,5/8/2023,S29,Not IC
O45555,C05829,LATAM,I920617,Corn roaster #2,2,$227.25,5/8/2023,S29,Not IC
O45555,C05829,LATAM,I920617,Corn roaster #2,2,$227.25,5/8/2023,S29,Not IC
O45555,C05829,LATAM,I920617,Corn roaster #2,2,$227.25,5/8/2023,S29,Not IC
O45557,C04660,EMEA,I248327,Sandwich toaster #3,1,$81.07,3/8/2023,S30,Not IC
O45561,C04846,EMEA,I236617,Pancake machine #1,6,$146.87,11/8/2022,S32,Intercompany
O45567,C01530,N. America,I538617,Tandoor #1,6,$586.85,12/8/2022,S09,Not IC
O45585,C06061,N. America,I930258,Electric cooker #3,8,$74.87,3/8/2022,S06,Not IC
O45603,C08810,N. America,I512340,Slow cooker #1,2,$971.37,4/8/2023,S05,Not IC
O45603,C08810,N. America,I511258,Rotimatic #1,2,$549.30,4/8/2023,S05,Not IC
O45603,C08810,N. America,I512608,Sous-vide cooker #3,2,$518.76,4/8/2023,S05,Not IC
O45603,C08810,N. America,I510328,Rocket mass heater #3,10,$92.42,4/8/2023,S05,Not IC
O45609,C08101,N. America,I810600,Chorkor oven #2,1,$904.73,2/9/2023,S05,Not IC
O45609,C08101,N. America,I810600,Chorkor oven #2,1,$537.21,2/9/2023,S05,Not IC
O45609,C08101,N. America,I810336,Chocolatera #1,2,$362.51,2/9/2023,S05,Not IC
O45609,C08101,N. America,I810001,Butane torch #1,1,$315.92,2/9/2023,S05,Not IC
O45609,C08101,N. America,I810600,Chorkor oven #2,1,$192.91,2/9/2023,S05,Not IC
O45609,C08101,N. America,I810600,Chorkor oven #2,1,$122.38,2/9/2023,S05,Not IC
O45613,C07868,N. America,I810336,Chocolatera #1,1,$976.48,5/9/2023,S21,Not IC
O45613,C07868,N. America,I800600,Beehive oven #2,1,$434.19,5/9/2023,S21,Not IC
O45613,C07868,N. America,I810330,Cheesemelter #3,1,$346.17,5/9/2023,S21,Not IC
O45613,C07868,N. America,I810005,Chapati maker #2,1,$301.60,5/9/2023,S21,Not IC
O45613,C07868,N. America,I810001,Butane torch #1,1,$267.96,5/9/2023,S21,Not IC
O45613,C07868,N. America,I810336,Chocolatera #1,2,$225.59,5/9/2023,S21,Not IC
O45613,C07868,N. America,I800600,Beehive oven #2,1,$177.22,5/9/2023,S21,Not IC
O45613,C07868,N. America,I810336,Chocolatera #1,1,$126.38,5/9/2023,S21,Not IC
O45619,C00465,APAC,I134500,Chorkor oven #1,1,$457.98,12/9/2022,S59,Intercompany
O45621,C01202,N. America,I512336,Self-cleaning oven #3,1,$535.99,1/9/2023,S04,Not IC
O45629,C00464,EMEA,I302336,Flattop grill #1,1,$269.20,11/9/2022,S30,Intercompany
O45629,C00464,EMEA,I302610,Griddle #3,6,$94.20,11/9/2022,S30,Intercompany
O45629,C00464,EMEA,I302610,Griddle #3,6,$94.20,11/9/2022,S30,Intercompany
O45635,C00463,N. America,I920617,Corn roaster #2,4,$549.43,1/9/2023,S06,Not IC
O45637,C06625,N. America,I302258,Fire pot #3,12,$859.27,3/9/2023,S09,Not IC
O45641,C07915,N. America,I920160,Convection microwave #3,12,$944.88,5/9/2023,S09,Not IC
O45641,C07915,N. America,I236617,Pancake machine #1,15,$944.35,5/9/2023,S09,Not IC
O45641,C07915,N. America,I303258,Hibachi #2,2,$757.40,5/9/2023,S09,Not IC
O45641,C07915,N. America,I922608,Earth oven #2,4,$418.15,5/9/2023,S09,Not IC
O45641,C07915,N. America,I930258,Electric cooker #3,13,$378.37,5/9/2023,S09,Not IC
O45641,C07915,N. America,I239258,Pressure cooker #1,2,$258.69,5/9/2023,S09,Not IC
O45641,C07915,N. America,I302610,Griddle #3,12,$227.37,5/9/2023,S09,Not IC
O45641,C07915,N. America,I942636,Food steamer #1,6,$195.97,5/9/2023,S09,Not IC
O45643,C00462,LATAM,I291617,Wet grinder #2,3,$260.60,12/9/2022,S09,Not IC
O45643,C00462,LATAM,I302610,Griddle #3,3,$84.00,12/9/2022,S09,Not IC
O45647,C07561,N. America,I133336,Beehive oven #1,1,$488.46,3/10/2023,S06,Not IC
O45647,C07561,N. America,I135000,Clome oven #2,1,$400.59,3/10/2023,S06,Not IC
O45647,C07561,N. America,I134330,Chapati maker #1,1,$73.02,3/10/2023,S06,Not IC
O45649,C00507,N. America,I302258,Fire pot #3,1,$77.61,5/10/2023,S21,Not IC
O45651,C06630,N. America,I290258,Thermal immersion circulator #3,3,$209.60,1/10/2023,S05,Not IC
O45651,C06630,N. America,I302258,Fire pot #3,15,$192.46,1/10/2023,S05,Not IC
O45651,C06630,N. America,I236617,Pancake machine #1,20,$138.28,1/10/2023,S05,Not IC
O45653,C00459,APAC,I293617,Combi steamer #2,10,$789.76,12/10/2022,S60,Not IC
O45653,C00459,APAC,I293000,Butane torch #2,1,$317.65,12/10/2022,S60,Not IC
O45653,C00459,APAC,I293330,Chocolatera #2,1,$287.50,12/10/2022,S60,Not IC
O45655,C02650,APAC,I292340,Beehive oven #3,2,$836.71,5/10/2023,S59,Intercompany
O45655,C02650,APAC,I302610,Griddle #3,12,$657.55,5/10/2023,S59,Intercompany
O45655,C02650,APAC,I201258,Fire pot #1,2,$620.44,5/10/2023,S59,Intercompany
O45655,C02650,APAC,I136258,Communal oven #1,9,$259.45,5/10/2023,S59,Intercompany
O45655,C02650,APAC,I302258,Fire pot #3,9,$243.09,5/10/2023,S59,Intercompany
O45655,C02650,APAC,I136258,Communal oven #1,2,$97.11,5/10/2023,S59,Intercompany
O45655,C02650,APAC,I202317,Halogen oven #2,12,$88.10,5/10/2023,S59,Intercompany
O45657,C02650,APAC,I920160,Convection microwave #3,15,$483.23,2/10/2023,S59,Intercompany
O45657,C02650,APAC,I292340,Beehive oven #3,1,$434.91,2/10/2023,S59,Intercompany
O45657,C02650,APAC,I511258,Rotimatic #1,2,$392.27,2/10/2023,S59,Intercompany
O45657,C02650,APAC,I260258,Sous-vide cooker #1,13,$382.88,2/10/2023,S59,Intercompany
O45657,C02650,APAC,I291608,Waffle iron #1,2,$288.59,2/10/2023,S59,Intercompany
O45657,C02650,APAC,I302610,Griddle #3,16,$237.77,2/10/2023,S59,Intercompany
O45657,C02650,APAC,I302610,Griddle #3,10,$152.57,2/10/2023,S59,Intercompany
O45657,C02650,APAC,I240610,Roasting jack #3,14,$139.30,2/10/2023,S59,Intercompany
O45659,C02650,APAC,I920617,Corn roaster #2,2,$203.95,2/10/2023,S59,Intercompany
O45663,C03254,LATAM,I133336,Beehive oven #1,1,$437.57,5/10/2023,S69,Not IC
O45663,C03254,LATAM,I133336,Beehive oven #1,1,$388.68,5/10/2023,S69,Not IC
O45665,C03254,LATAM,I135000,Clome oven #2,2,$580.23,1/10/2023,S69,Not IC
O45665,C03254,LATAM,I135001,Combi steamer #3,1,$301.60,1/10/2023,S69,Not IC
O45667,C02650,APAC,I302610,Griddle #3,15,$430.40,3/10/2023,S59,Intercompany
O45667,C02650,APAC,I239330,Reflector oven #3,1,$152.39,3/10/2023,S59,Intercompany
O45667,C02650,APAC,I920617,Corn roaster #2,1,$106.01,3/10/2023,S59,Intercompany
O45671,C02650,APAC,I292340,Beehive oven #3,2,$836.71,2/10/2023,S59,Intercompany
O45673,C04625,LATAM,I350610,Pressure cooker #3,10,$629.76,2/10/2023,S70,Not IC
O45673,C04625,LATAM,I248610,Slow cooker #2,8,$604.18,2/10/2023,S70,Not IC
O45675,C00456,EMEA,I134500,Chorkor oven #1,1,$488.80,5/10/2023,S17,Not IC
O45675,C00456,EMEA,I133258,Barbecue grill #3,3,$79.76,5/10/2023,S17,Not IC
O45677,C03790,EMEA,I291608,Waffle iron #1,1,$165.34,3/10/2023,S77,Intercompany
O45681,C00454,EMEA,I510098,Rice polisher #1,1,$469.60,5/10/2023,S32,Intercompany
O45681,C00454,EMEA,I510098,Rice polisher #1,1,$293.24,5/10/2023,S32,Intercompany
O45681,C00454,EMEA,I510258,Roasting jack #2,1,$80.51,5/10/2023,S32,Intercompany
O45683,C06326,EMEA,I510328,Rocket mass heater #3,13,$335.97,5/10/2023,S25,Not IC
O45683,C06326,EMEA,I920617,Corn roaster #2,1,$118.12,5/10/2023,S25,Not IC
O45683,C06326,EMEA,I920160,Convection microwave #3,3,$117.84,5/10/2023,S25,Not IC
O45685,C00453,EMEA,I302336,Flattop grill #1,9,$784.67,2/10/2023,S30,Intercompany
O45685,C00453,EMEA,I134336,Cheesemelter #2,1,$238.06,2/10/2023,S30,Intercompany
O45687,C04945,LATAM,I350258,Mess kit #2,3,$253.95,4/10/2023,S67,Not IC
O45687,C04945,LATAM,I302258,Fire pot #3,3,$112.86,4/10/2023,S67,Not IC
O45687,C04945,LATAM,I350610,Pressure cooker #3,3,$105.05,4/10/2023,S67,Not IC
O45695,C06104,EMEA,I291617,Wet grinder #2,2,$141.42,2/10/2022,S52,Not IC
O45709,C07523,EMEA,I950617,Hot plate #3,2,$317.96,4/10/2023,S36,Not IC
O45709,C07523,EMEA,I950617,Hot plate #3,1,$165.27,4/10/2023,S36,Not IC
