Item Number,Instrument,Instrument Category
B0000,Harmonica,SolaCorp Instrument
B0050,Grand Piano,SolaCorp Instrument
B0090,Grand Piano,SolaCorp Instrument
B0100,Electric Keyboard,SolaCorp Instrument
B0150,Electric Keyboard,SolaCorp Instrument
B0250,Electric Keyboard,SolaCorp Instrument
B1000,Violin,SolaCorp Instrument
B4000,Violin,SolaCorp Instrument
B4050,Violin,SolaCorp Instrument
B5050,Cello,SolaCorp Instrument
B5150,Cello,SolaCorp Instrument
C0000,Bass,SolaCorp Instrument
C0050,Bass,SolaCorp Instrument
C0100,Acoustic Guitar,SolaCorp Instrument
C0200,Electric Guitar,SolaCorp Instrument
C0300,Electric Guitar,SolaCorp Instrument
C0350,Electric Guitar,SolaCorp Instrument
C0400,Clarinet,SolaCorp Instrument
C0450,Clarinet,SolaCorp Instrument
C0600,Saxophone,SolaCorp Instrument
C1000,Saxophone,SolaCorp Instrument
C1300,Saxophone,GregCo Instrument
C1750,Saxophone,SolaCorp Instrument
C1850,Flute,SolaCorp Instrument
C2260,Flute,SolaCorp Instrument
C2750,Flute,SolaCorp Instrument
C3100,Flute,SolaCorp Instrument
C3300,Flute,SolaCorp Instrument
C5000,Piccolo,GregCo Instrument
C5100,Oboe,SolaCorp Instrument
C5300,Oboe,SolaCorp Instrument
C7600,Bassoon,GregCo Instrument
C7700,Bassoon,GregCo Instrument
C8100,Bassoon,GregCo Instrument
X0115,Bassoon,GregCo Instrument
X0267,French Horn,Subsidiary Inc Instrument
X0497,French Horn,GregCo Instrument
X1433,French Horn,Subsidiary Inc Instrument
X1634,French Horn,Subsidiary Inc Instrument
X1685,French Horn,SolaCorp Instrument
X1745,French Horn,SolaCorp Instrument
X1883,Trumpet,Subsidiary Inc Instrument
X1903,Trumpet,GregCo Instrument
X2097,Trumpet,SolaCorp Instrument
X2154,Trumpet,SolaCorp Instrument
X2207,Trumpet,GregCo Instrument
X3180,Trumpet,SolaCorp Instrument
X3368,Trumpet,Subsidiary Inc Instrument
X3565,Trumpet,SolaCorp Instrument
X3785,Trumpet,Subsidiary Inc Instrument
X3952,Trombone,Subsidiary Inc Instrument
X4127,Trombone,Subsidiary Inc Instrument
X4232,Trombone,SolaCorp Instrument
X4424,Trombone,SolaCorp Instrument
X4516,Tuba,Subsidiary Inc Instrument
X4634,Tuba,Subsidiary Inc Instrument
X4749,Tuba,SolaCorp Instrument
X4808,Tuba,Subsidiary Inc Instrument
X4857,Tuba,GregCo Instrument
X4883,Snare Drum,SolaCorp Instrument
X5207,Snare Drum,GregCo Instrument
X5210,Snare Drum,Subsidiary Inc Instrument
X5464,Snare Drum,SolaCorp Instrument
X5927,Snare Drum,Subsidiary Inc Instrument
X5994,Snare Drum,SolaCorp Instrument
X6624,Timpani,SolaCorp Instrument
X6867,Timpani,Subsidiary Inc Instrument
X6989,Timpani,SolaCorp Instrument
X7800,Timpani,SolaCorp Instrument
X7880,Bass Drum,SolaCorp Instrument
X7924,Bass Drum,SolaCorp Instrument
X8258,Bass Drum,Subsidiary Inc Instrument
X8474,Cymbal,Subsidiary Inc Instrument
X8650,Cymbal,Subsidiary Inc Instrument
X8926,Cymbal,Subsidiary Inc Instrument
X9503,Cymbal,SolaCorp Instrument
X9570,Cymbal,Subsidiary Inc Instrument
X9608,Theremin,Subsidiary Inc Instrument
X9614,Theremin,GregCo Instrument
X9621,Synthesizer,Subsidiary Inc Instrument
X9705,Synthesizer,GregCo Instrument
X9740,Synthesizer,SolaCorp Instrument
